iteration, destination,2->4,2->3,1->3,3->4,0->4,0->3,
1,4,1.0,1.0,1.0909090909090908,1.0909090909090908,1.0,1.0,
2,4,1.0,1.0,1.0909090909090908,1.1818181818181817,1.0,1.0909090909090908,
3,4,1.0833333333333333,1.0,1.0909090909090908,1.1818181818181817,1.0,1.0909090909090908,
4,4,1.0833333333333333,1.0909090909090908,1.0909090909090908,1.2727272727272725,1.0,1.0909090909090908,
5,4,1.0833333333333333,1.0909090909090908,1.0909090909090908,1.2727272727272725,1.0833333333333333,1.0909090909090908,
6,4,1.1666666666666665,1.0909090909090908,1.0909090909090908,1.2727272727272725,1.0833333333333333,1.0909090909090908,
7,4,1.2499999999999998,1.0909090909090908,1.0909090909090908,1.2727272727272725,1.0833333333333333,1.0909090909090908,
8,4,1.2499999999999998,1.0909090909090908,1.1818181818181817,1.3636363636363633,1.0833333333333333,1.0909090909090908,
9,4,1.333333333333333,1.0909090909090908,1.1818181818181817,1.3636363636363633,1.0833333333333333,1.0909090909090908,
10,4,1.333333333333333,1.0909090909090908,1.1818181818181817,1.4545454545454541,1.0833333333333333,1.1818181818181817,
11,4,1.333333333333333,1.0909090909090908,1.2727272727272725,1.545454545454545,1.0833333333333333,1.1818181818181817,
12,4,1.333333333333333,1.0909090909090908,1.2727272727272725,1.6363636363636358,1.0833333333333333,1.2727272727272725,
13,4,1.333333333333333,1.0909090909090908,1.3636363636363633,1.7272727272727266,1.0833333333333333,1.2727272727272725,
14,4,1.4166666666666663,1.0909090909090908,1.3636363636363633,1.7272727272727266,1.0833333333333333,1.2727272727272725,
15,4,1.4166666666666663,1.0,1.3636363636363633,1.7272727272727266,1.0833333333333333,1.2727272727272725,
16,4,1.4166666666666663,1.0,1.3636363636363633,1.7272727272727266,1.1666666666666665,1.2727272727272725,
17,4,1.4166666666666663,1.0,1.3636363636363633,1.8181818181818175,1.1666666666666665,1.3636363636363633,
18,4,1.4166666666666663,1.0,1.3636363636363633,1.8181818181818175,1.1666666666666665,1.3636363636363633,
19,4,1.4166666666666663,1.0,1.3636363636363633,1.8181818181818175,1.1666666666666665,1.0,
20,4,1.4166666666666663,1.0,1.0,1.8181818181818175,1.1666666666666665,1.0,
21,4,1.4166666666666663,1.0,1.0909090909090908,1.9090909090909083,1.1666666666666665,1.0,
22,4,1.2749999999999997,1.0,1.0,1.7181818181818176,1.0499999999999998,1.0,
23,4,1.2749999999999997,1.0,1.0,1.8090909090909084,1.0499999999999998,1.0909090909090908,
24,4,1.2749999999999997,1.0,1.0,1.8090909090909084,1.133333333333333,1.0909090909090908,
25,4,1.2749999999999997,1.0,1.0,1.8090909090909084,1.133333333333333,1.0909090909090908,
26,4,1.2749999999999997,1.0909090909090908,1.0,1.8999999999999992,1.133333333333333,1.0909090909090908,
27,4,1.358333333333333,1.0909090909090908,1.0,1.8999999999999992,1.133333333333333,1.0909090909090908,
28,4,1.4416666666666662,1.0909090909090908,1.0,1.8999999999999992,1.133333333333333,1.0909090909090908,
29,4,1.4416666666666662,1.0909090909090908,1.0909090909090908,1.99090909090909,1.133333333333333,1.0909090909090908,
30,4,1.4416666666666662,1.0909090909090908,1.0,1.99090909090909,1.133333333333333,1.0909090909090908,
31,4,1.4416666666666662,1.0,1.0,1.99090909090909,1.133333333333333,1.0909090909090908,
32,4,1.4416666666666662,1.0,1.0,1.99090909090909,1.133333333333333,1.0,
33,4,1.4416666666666662,1.0,1.0909090909090908,2.081818181818181,1.133333333333333,1.0,
34,4,1.5249999999999995,1.0,1.0909090909090908,2.081818181818181,1.133333333333333,1.0,
35,4,1.5249999999999995,1.0,1.0909090909090908,2.081818181818181,1.2166666666666663,1.0,
36,4,1.5249999999999995,1.0,1.0909090909090908,2.172727272727272,1.2166666666666663,1.0909090909090908,
37,4,1.5249999999999995,1.0,1.0909090909090908,2.172727272727272,1.2999999999999996,1.0909090909090908,
38,4,1.6083333333333327,1.0,1.0909090909090908,2.172727272727272,1.2999999999999996,1.0909090909090908,
39,4,1.6083333333333327,1.0909090909090908,1.0909090909090908,2.263636363636363,1.2999999999999996,1.0909090909090908,
40,4,1.6083333333333327,1.0909090909090908,1.1818181818181817,2.3545454545454536,1.2999999999999996,1.0909090909090908,
41,4,1.6083333333333327,1.0909090909090908,1.0,2.3545454545454536,1.2999999999999996,1.0909090909090908,
42,4,1.6083333333333327,1.0909090909090908,1.0,2.3545454545454536,1.3833333333333329,1.0909090909090908,
43,4,1.6083333333333327,1.0909090909090908,1.0,2.4454545454545444,1.3833333333333329,1.1818181818181817,
44,4,1.6083333333333327,1.0,1.0,2.4454545454545444,1.3833333333333329,1.1818181818181817,
45,4,1.6083333333333327,1.0,1.0909090909090908,2.5363636363636353,1.3833333333333329,1.1818181818181817,
46,4,1.6083333333333327,1.0,1.0909090909090908,2.5363636363636353,1.3833333333333329,1.0,
47,4,1.6083333333333327,1.0,1.0909090909090908,2.5363636363636353,1.3833333333333329,1.0,
48,4,1.6083333333333327,1.0,1.0909090909090908,2.5363636363636353,1.3833333333333329,1.0,
49,4,1.691666666666666,1.0,1.0909090909090908,2.5363636363636353,1.3833333333333329,1.0,
50,4,1.691666666666666,1.0,1.0,2.5363636363636353,1.3833333333333329,1.0,
51,4,1.691666666666666,1.0909090909090908,1.0,2.627272727272726,1.3833333333333329,1.0,
52,4,1.6058333333333328,1.0,1.0,2.3645454545454534,1.2449999999999997,1.0,
53,4,1.6058333333333328,1.0,1.0,2.4554545454545442,1.2449999999999997,1.0909090909090908,
54,4,1.6058333333333328,1.0,1.0,2.4554545454545442,1.328333333333333,1.0909090909090908,
55,4,1.6058333333333328,1.0,1.0909090909090908,2.546363636363635,1.328333333333333,1.0909090909090908,
56,4,1.6058333333333328,1.0,1.0909090909090908,2.546363636363635,1.4116666666666662,1.0909090909090908,
57,4,1.6058333333333328,1.0,1.0909090909090908,2.637272727272726,1.4116666666666662,1.1818181818181817,
58,4,1.689166666666666,1.0,1.0909090909090908,2.637272727272726,1.4116666666666662,1.1818181818181817,
59,4,1.689166666666666,1.0,1.0909090909090908,2.637272727272726,1.4949999999999994,1.1818181818181817,
60,4,1.689166666666666,1.0,1.0909090909090908,2.637272727272726,1.5783333333333327,1.1818181818181817,
61,4,1.689166666666666,1.0,1.0909090909090908,2.637272727272726,1.5783333333333327,1.1818181818181817,
62,4,1.689166666666666,1.0,1.1818181818181817,2.7281818181818167,1.5783333333333327,1.1818181818181817,
63,4,1.689166666666666,1.0,1.1818181818181817,2.7281818181818167,1.5783333333333327,1.1818181818181817,
64,4,1.689166666666666,1.0,1.2727272727272725,2.8190909090909075,1.5783333333333327,1.1818181818181817,
65,4,1.689166666666666,1.0,1.0,2.8190909090909075,1.5783333333333327,1.1818181818181817,
66,4,1.689166666666666,1.0,1.0,2.8190909090909075,1.661666666666666,1.1818181818181817,
67,4,1.689166666666666,1.0,1.0,2.8190909090909075,1.661666666666666,1.1818181818181817,
68,4,1.689166666666666,1.0,1.0,2.9099999999999984,1.661666666666666,1.2727272727272725,
69,4,1.7724999999999993,1.0,1.0,2.9099999999999984,1.661666666666666,1.2727272727272725,
70,4,1.7724999999999993,1.0,1.0,2.9099999999999984,1.661666666666666,1.2727272727272725,
71,4,1.7724999999999993,1.0909090909090908,1.0,3.000909090909089,1.661666666666666,1.2727272727272725,
72,4,1.7724999999999993,1.0909090909090908,1.0,3.000909090909089,1.7449999999999992,1.2727272727272725,
73,4,1.8558333333333326,1.0909090909090908,1.0,3.000909090909089,1.7449999999999992,1.2727272727272725,
74,4,1.8558333333333326,1.0909090909090908,1.0909090909090908,3.09181818181818,1.7449999999999992,1.2727272727272725,
75,4,1.8558333333333326,1.0909090909090908,1.0909090909090908,3.09181818181818,1.8283333333333325,1.2727272727272725,
76,4,1.9391666666666658,1.0909090909090908,1.0909090909090908,3.09181818181818,1.8283333333333325,1.2727272727272725,
77,4,1.9391666666666658,1.0909090909090908,1.0,3.09181818181818,1.8283333333333325,1.2727272727272725,
78,4,1.9391666666666658,1.0909090909090908,1.0909090909090908,3.182727272727271,1.8283333333333325,1.2727272727272725,
79,4,1.9391666666666658,1.0909090909090908,1.0,3.182727272727271,1.8283333333333325,1.2727272727272725,
80,4,1.9391666666666658,1.0909090909090908,1.0,3.182727272727271,1.9116666666666657,1.2727272727272725,
81,4,1.9391666666666658,1.0909090909090908,1.0909090909090908,3.2736363636363617,1.9116666666666657,1.2727272727272725,
82,4,1.7452499999999993,1.0909090909090908,1.0,3.0371818181818164,1.7204999999999993,1.1454545454545453,
83,4,1.7452499999999993,1.0909090909090908,1.0,3.0371818181818164,1.8038333333333325,1.1454545454545453,
84,4,1.7452499999999993,1.0909090909090908,1.0,3.0371818181818164,1.8871666666666658,1.1454545454545453,
85,4,1.8285833333333326,1.0909090909090908,1.0,3.0371818181818164,1.8871666666666658,1.1454545454545453,
86,4,1.8285833333333326,1.0909090909090908,1.0,3.0371818181818164,1.8871666666666658,1.1454545454545453,
87,4,1.8285833333333326,1.0909090909090908,1.0909090909090908,3.1280909090909073,1.8871666666666658,1.1454545454545453,
88,4,1.8285833333333326,1.0909090909090908,1.0909090909090908,3.1280909090909073,1.970499999999999,1.1454545454545453,
89,4,1.8285833333333326,1.0909090909090908,1.1818181818181817,3.218999999999998,1.970499999999999,1.1454545454545453,
90,4,1.9119166666666658,1.0909090909090908,1.1818181818181817,3.218999999999998,1.970499999999999,1.1454545454545453,
91,4,1.995249999999999,1.0909090909090908,1.1818181818181817,3.218999999999998,1.970499999999999,1.1454545454545453,
92,4,1.995249999999999,1.0909090909090908,1.0,3.218999999999998,1.970499999999999,1.1454545454545453,
93,4,1.995249999999999,1.0909090909090908,1.0909090909090908,3.309909090909089,1.970499999999999,1.1454545454545453,
94,4,1.995249999999999,1.0909090909090908,1.0909090909090908,3.4008181818181797,1.970499999999999,1.236363636363636,
95,4,2.0785833333333326,1.0909090909090908,1.0909090909090908,3.4008181818181797,1.970499999999999,1.236363636363636,
96,4,2.0785833333333326,1.0909090909090908,1.0909090909090908,3.4008181818181797,2.0538333333333325,1.236363636363636,
97,4,2.0785833333333326,1.0909090909090908,1.0,3.4008181818181797,2.0538333333333325,1.236363636363636,
98,4,2.0785833333333326,1.1818181818181817,1.0,3.4917272727272706,2.0538333333333325,1.236363636363636,
99,4,2.0785833333333326,1.1818181818181817,1.0,3.4917272727272706,2.137166666666666,1.236363636363636,
100,4,2.0785833333333326,1.1818181818181817,1.0909090909090908,3.5826363636363614,2.137166666666666,1.236363636363636,
101,4,2.0785833333333326,1.1818181818181817,1.0909090909090908,3.5826363636363614,2.137166666666666,1.0,
102,4,2.0785833333333326,1.1818181818181817,1.0909090909090908,3.5826363636363614,2.2204999999999995,1.0,
103,4,2.0785833333333326,1.1818181818181817,1.0909090909090908,3.6735454545454522,2.2204999999999995,1.0909090909090908,
104,4,2.0785833333333326,1.1818181818181817,1.0,3.6735454545454522,2.2204999999999995,1.0909090909090908,
105,4,2.0785833333333326,1.0,1.0,3.6735454545454522,2.2204999999999995,1.0909090909090908,
106,4,2.0785833333333326,1.0,1.0,3.6735454545454522,2.2204999999999995,1.0909090909090908,
107,4,2.0785833333333326,1.0,1.0,3.6735454545454522,2.2204999999999995,1.0,
108,4,2.0785833333333326,1.0909090909090908,1.0,3.764454545454543,2.2204999999999995,1.0,
109,4,2.0785833333333326,1.0909090909090908,1.0,3.764454545454543,2.2204999999999995,1.0,
110,4,2.0785833333333326,1.0909090909090908,1.0,3.764454545454543,2.303833333333333,1.0,
111,4,2.0785833333333326,1.0909090909090908,1.0909090909090908,3.855363636363634,2.303833333333333,1.0,
112,4,1.8707249999999993,1.0909090909090908,1.0,3.5607363636363614,2.07345,1.0,
113,4,1.8707249999999993,1.0909090909090908,1.0,3.5607363636363614,2.1567833333333333,1.0,
114,4,1.9540583333333326,1.0909090909090908,1.0,3.5607363636363614,2.1567833333333333,1.0,
115,4,1.9540583333333326,1.0909090909090908,1.0,3.5607363636363614,2.2401166666666668,1.0,
116,4,1.9540583333333326,1.0909090909090908,1.0909090909090908,3.651645454545452,2.2401166666666668,1.0,
117,4,2.037391666666666,1.0909090909090908,1.0909090909090908,3.651645454545452,2.2401166666666668,1.0,
118,4,2.037391666666666,1.0909090909090908,1.0,3.651645454545452,2.2401166666666668,1.0,
119,4,2.037391666666666,1.0909090909090908,1.0,3.651645454545452,2.3234500000000002,1.0,
120,4,2.037391666666666,1.0909090909090908,1.0,3.742554545454543,2.3234500000000002,1.0909090909090908,
121,4,2.037391666666666,1.0909090909090908,1.0,3.742554545454543,2.3234500000000002,1.0909090909090908,
122,4,2.037391666666666,1.0909090909090908,1.0,3.742554545454543,2.3234500000000002,1.0,
123,4,2.037391666666666,1.0909090909090908,1.0909090909090908,3.833463636363634,2.3234500000000002,1.0,
124,4,2.037391666666666,1.0909090909090908,1.0,3.833463636363634,2.3234500000000002,1.0,
125,4,2.1207249999999993,1.0909090909090908,1.0,3.833463636363634,2.3234500000000002,1.0,
126,4,2.1207249999999993,1.1818181818181817,1.0,3.9243727272727247,2.3234500000000002,1.0,
127,4,2.1207249999999993,1.0,1.0,3.9243727272727247,2.3234500000000002,1.0,
128,4,2.1207249999999993,1.0,1.0909090909090908,4.0152818181818155,2.3234500000000002,1.0,
129,4,2.1207249999999993,1.0,1.0,4.0152818181818155,2.3234500000000002,1.0,
130,4,2.1207249999999993,1.0,1.0,4.0152818181818155,2.3234500000000002,1.0,
131,4,2.1207249999999993,1.0,1.0,4.0152818181818155,2.3234500000000002,1.0,
132,4,2.1207249999999993,1.0909090909090908,1.0,4.106190909090906,2.3234500000000002,1.0,
133,4,2.1207249999999993,1.1818181818181817,1.0,4.197099999999997,2.3234500000000002,1.0,
134,4,2.1207249999999993,1.1818181818181817,1.0,4.197099999999997,2.4067833333333337,1.0,
135,4,2.204058333333333,1.1818181818181817,1.0,4.197099999999997,2.4067833333333337,1.0,
136,4,2.204058333333333,1.2727272727272725,1.0,4.288009090909088,2.4067833333333337,1.0,
137,4,2.204058333333333,1.2727272727272725,1.0,4.288009090909088,2.490116666666667,1.0,
138,4,2.2873916666666663,1.2727272727272725,1.0,4.288009090909088,2.490116666666667,1.0,
139,4,2.3707249999999997,1.2727272727272725,1.0,4.288009090909088,2.490116666666667,1.0,
140,4,2.3707249999999997,1.2727272727272725,1.0909090909090908,4.378918181818179,2.490116666666667,1.0,
141,4,2.1336524999999997,1.1454545454545453,1.0909090909090908,4.031935454545452,2.2411050000000006,1.0,
142,4,2.1336524999999997,1.1454545454545453,1.0909090909090908,4.031935454545452,2.324438333333334,1.0,
143,4,2.1336524999999997,1.1454545454545453,1.0,4.031935454545452,2.324438333333334,1.0,
144,4,2.216985833333333,1.1454545454545453,1.0,4.031935454545452,2.324438333333334,1.0,
145,4,2.216985833333333,1.1454545454545453,1.0,4.031935454545452,2.324438333333334,1.0,
146,4,2.216985833333333,1.1454545454545453,1.0,4.031935454545452,2.324438333333334,1.0,
147,4,2.216985833333333,1.236363636363636,1.0,4.122844545454543,2.324438333333334,1.0,
148,4,2.3003191666666667,1.236363636363636,1.0,4.122844545454543,2.324438333333334,1.0,
149,4,2.3003191666666667,1.327272727272727,1.0,4.213753636363633,2.324438333333334,1.0,
150,4,2.3003191666666667,1.0,1.0,4.213753636363633,2.324438333333334,1.0,
151,4,2.3003191666666667,1.0,1.0,4.304662727272724,2.324438333333334,1.0909090909090908,
152,4,2.3003191666666667,1.0,1.0,4.304662727272724,2.324438333333334,1.0,
153,4,2.3003191666666667,1.0,1.0909090909090908,4.395571818181815,2.324438333333334,1.0,
154,4,2.3836525,1.0,1.0909090909090908,4.395571818181815,2.324438333333334,1.0,
155,4,2.3836525,1.0,1.0909090909090908,4.395571818181815,2.4077716666666675,1.0,
156,4,2.3836525,1.0,1.0909090909090908,4.486480909090906,2.4077716666666675,1.0909090909090908,
157,4,2.4669858333333337,1.0,1.0909090909090908,4.486480909090906,2.4077716666666675,1.0909090909090908,
158,4,2.4669858333333337,1.0,1.0909090909090908,4.486480909090906,2.4077716666666675,1.0,
159,4,2.4669858333333337,1.0,1.1818181818181817,4.577389999999997,2.4077716666666675,1.0,
160,4,2.4669858333333337,1.0,1.0,4.577389999999997,2.4077716666666675,1.0,
161,4,2.4669858333333337,1.0,1.0,4.577389999999997,2.4077716666666675,1.0,
162,4,2.4669858333333337,1.0,1.0909090909090908,4.668299090909088,2.4077716666666675,1.0,
163,4,2.550319166666667,1.0,1.0909090909090908,4.668299090909088,2.4077716666666675,1.0,
164,4,2.550319166666667,1.0,1.0,4.668299090909088,2.4077716666666675,1.0,
165,4,2.550319166666667,1.0,1.0909090909090908,4.759208181818178,2.4077716666666675,1.0,
166,4,2.6336525000000006,1.0,1.0909090909090908,4.759208181818178,2.4077716666666675,1.0,
167,4,2.6336525000000006,1.0,1.0,4.759208181818178,2.4077716666666675,1.0,
168,4,2.6336525000000006,1.0,1.0,4.759208181818178,2.491105000000001,1.0,
169,4,2.6336525000000006,1.0,1.0,4.850117272727269,2.491105000000001,1.0909090909090908,
170,4,2.716985833333334,1.0,1.0,4.850117272727269,2.491105000000001,1.0909090909090908,
171,4,2.528620583333334,1.0,1.0,4.365105545454543,2.241994500000001,1.0,
172,4,2.528620583333334,1.0,1.0,4.365105545454543,2.3253278333333345,1.0,
173,4,2.528620583333334,1.0909090909090908,1.0,4.4560146363636335,2.3253278333333345,1.0,
174,4,2.528620583333334,1.0909090909090908,1.0,4.4560146363636335,2.408661166666668,1.0,
175,4,2.6119539166666677,1.0909090909090908,1.0,4.4560146363636335,2.408661166666668,1.0,
176,4,2.6119539166666677,1.0909090909090908,1.0909090909090908,4.546923727272724,2.408661166666668,1.0,
177,4,2.695287250000001,1.0909090909090908,1.0909090909090908,4.546923727272724,2.408661166666668,1.0,
178,4,2.695287250000001,1.0909090909090908,1.0909090909090908,4.637832818181815,2.408661166666668,1.0909090909090908,
179,4,2.695287250000001,1.0909090909090908,1.0909090909090908,4.637832818181815,2.4919945000000014,1.0909090909090908,
180,4,2.695287250000001,1.0909090909090908,1.1818181818181817,4.728741909090906,2.4919945000000014,1.0909090909090908,
181,4,2.695287250000001,1.0909090909090908,1.1818181818181817,4.728741909090906,2.575327833333335,1.0909090909090908,
182,4,2.7786205833333346,1.0909090909090908,1.1818181818181817,4.728741909090906,2.575327833333335,1.0909090909090908,
183,4,2.861953916666668,1.0909090909090908,1.1818181818181817,4.728741909090906,2.575327833333335,1.0909090909090908,
184,4,2.861953916666668,1.0909090909090908,1.2727272727272725,4.819650999999997,2.575327833333335,1.0909090909090908,
185,4,2.861953916666668,1.0909090909090908,1.2727272727272725,4.819650999999997,2.6586611666666684,1.0909090909090908,
186,4,2.861953916666668,1.0909090909090908,1.0,4.819650999999997,2.6586611666666684,1.0909090909090908,
187,4,2.861953916666668,1.0909090909090908,1.0,4.819650999999997,2.741994500000002,1.0909090909090908,
188,4,2.861953916666668,1.0,1.0,4.819650999999997,2.741994500000002,1.0909090909090908,
189,4,2.861953916666668,1.0,1.0909090909090908,4.910560090909088,2.741994500000002,1.0909090909090908,
190,4,2.9452872500000016,1.0,1.0909090909090908,4.910560090909088,2.741994500000002,1.0909090909090908,
191,4,2.9452872500000016,1.0,1.0909090909090908,4.910560090909088,2.741994500000002,1.0,
192,4,2.9452872500000016,1.0909090909090908,1.0909090909090908,5.0014691818181785,2.741994500000002,1.0,
193,4,2.9452872500000016,1.0909090909090908,1.0909090909090908,5.0014691818181785,2.8253278333333354,1.0,
194,4,2.9452872500000016,1.0909090909090908,1.0909090909090908,5.092378272727269,2.8253278333333354,1.0909090909090908,
195,4,3.028620583333335,1.0909090909090908,1.0909090909090908,5.092378272727269,2.8253278333333354,1.0909090909090908,
196,4,3.028620583333335,1.0909090909090908,1.0909090909090908,5.092378272727269,2.908661166666669,1.0909090909090908,
197,4,3.028620583333335,1.0909090909090908,1.0909090909090908,5.18328736363636,2.908661166666669,1.1818181818181817,
198,4,3.1119539166666685,1.0909090909090908,1.0909090909090908,5.18328736363636,2.908661166666669,1.1818181818181817,
199,4,3.1119539166666685,1.0909090909090908,1.1818181818181817,5.274196454545451,2.908661166666669,1.1818181818181817,
200,4,3.195287250000002,1.0909090909090908,1.1818181818181817,5.274196454545451,2.908661166666669,1.1818181818181817,
201,4,3.195287250000002,1.0909090909090908,1.1818181818181817,5.274196454545451,2.9919945000000023,1.1818181818181817,
202,4,2.875758525000002,1.0,1.0,4.746776809090906,2.692795050000002,1.0636363636363635,
203,4,2.9590918583333354,1.0,1.0,4.746776809090906,2.692795050000002,1.0636363636363635,
204,4,2.9590918583333354,1.0,1.0909090909090908,4.837685899999997,2.692795050000002,1.0636363636363635,
205,4,2.9590918583333354,1.0,1.0,4.837685899999997,2.692795050000002,1.0636363636363635,
206,4,2.9590918583333354,1.0,1.0909090909090908,4.928594990909088,2.692795050000002,1.0636363636363635,
207,4,2.9590918583333354,1.0,1.0909090909090908,4.928594990909088,2.7761283833333357,1.0636363636363635,
208,4,2.9590918583333354,1.0,1.1818181818181817,5.019504081818178,2.7761283833333357,1.0636363636363635,
209,4,2.9590918583333354,1.0,1.1818181818181817,5.019504081818178,2.859461716666669,1.0636363636363635,
210,4,2.9590918583333354,1.0,1.0,5.019504081818178,2.859461716666669,1.0636363636363635,
211,4,2.9590918583333354,1.0,1.0909090909090908,5.110413172727269,2.859461716666669,1.0636363636363635,
212,4,2.9590918583333354,1.0,1.0909090909090908,5.110413172727269,2.859461716666669,1.0636363636363635,
213,4,2.9590918583333354,1.0,1.0,5.110413172727269,2.859461716666669,1.0636363636363635,
214,4,2.9590918583333354,1.0,1.0,5.110413172727269,2.9427950500000026,1.0636363636363635,
215,4,3.042425191666669,1.0,1.0,5.110413172727269,2.9427950500000026,1.0636363636363635,
216,4,3.042425191666669,1.0,1.0909090909090908,5.20132226363636,2.9427950500000026,1.0636363636363635,
217,4,3.042425191666669,1.0,1.0909090909090908,5.20132226363636,2.9427950500000026,1.0,
218,4,3.042425191666669,1.0,1.1818181818181817,5.292231354545451,2.9427950500000026,1.0,
219,4,3.042425191666669,1.0,1.1818181818181817,5.292231354545451,3.026128383333336,1.0,
220,4,3.042425191666669,1.0,1.0,5.292231354545451,3.026128383333336,1.0,
221,4,3.042425191666669,1.0,1.0909090909090908,5.383140445454542,3.026128383333336,1.0,
222,4,3.1257585250000024,1.0,1.0909090909090908,5.383140445454542,3.026128383333336,1.0,
223,4,3.209091858333336,1.0,1.0909090909090908,5.383140445454542,3.026128383333336,1.0,
224,4,3.209091858333336,1.0,1.1818181818181817,5.474049536363633,3.026128383333336,1.0,
225,4,3.209091858333336,1.0,1.1818181818181817,5.474049536363633,3.1094617166666696,1.0,
226,4,3.209091858333336,1.0,1.2727272727272725,5.564958627272723,3.1094617166666696,1.0,
227,4,3.2924251916666694,1.0,1.2727272727272725,5.564958627272723,3.1094617166666696,1.0,
228,4,3.2924251916666694,1.0,1.2727272727272725,5.564958627272723,3.192795050000003,1.0,
229,4,3.2924251916666694,1.0,1.2727272727272725,5.564958627272723,3.192795050000003,1.0,
230,4,3.2924251916666694,1.0,1.2727272727272725,5.655867718181814,3.192795050000003,1.0909090909090908,
231,4,2.9631826725000026,1.0,1.1454545454545453,5.090280946363633,2.956848878333336,1.0,
232,4,2.9631826725000026,1.0909090909090908,1.1454545454545453,5.1811900372727235,2.956848878333336,1.0,
233,4,3.046516005833336,1.0909090909090908,1.1454545454545453,5.1811900372727235,2.956848878333336,1.0,
234,4,3.046516005833336,1.0909090909090908,1.0,5.1811900372727235,2.956848878333336,1.0,
235,4,3.046516005833336,1.0909090909090908,1.0,5.1811900372727235,3.0401822116666697,1.0,
236,4,3.046516005833336,1.0909090909090908,1.0909090909090908,5.272099128181814,3.0401822116666697,1.0,
237,4,3.1298493391666695,1.0909090909090908,1.0909090909090908,5.272099128181814,3.0401822116666697,1.0,
238,4,3.1298493391666695,1.0909090909090908,1.0909090909090908,5.272099128181814,3.123515545000003,1.0,
239,4,3.213182672500003,1.0909090909090908,1.0909090909090908,5.272099128181814,3.123515545000003,1.0,
240,4,3.213182672500003,1.1818181818181817,1.0909090909090908,5.363008219090905,3.123515545000003,1.0,
241,4,3.213182672500003,1.1818181818181817,1.0,5.363008219090905,3.123515545000003,1.0,
242,4,3.213182672500003,1.1818181818181817,1.0,5.363008219090905,3.2068488783333366,1.0,
243,4,3.213182672500003,1.1818181818181817,1.0,5.453917309999996,3.2068488783333366,1.0909090909090908,
244,4,3.2965160058333365,1.1818181818181817,1.0,5.453917309999996,3.2068488783333366,1.0909090909090908,
245,4,3.2965160058333365,1.1818181818181817,1.0,5.453917309999996,3.29018221166667,1.0909090909090908,
246,4,3.2965160058333365,1.2727272727272725,1.0,5.544826400909087,3.29018221166667,1.0909090909090908,
247,4,3.2965160058333365,1.2727272727272725,1.0909090909090908,5.635735491818178,3.29018221166667,1.0909090909090908,
248,4,3.37984933916667,1.2727272727272725,1.0909090909090908,5.635735491818178,3.29018221166667,1.0909090909090908,
249,4,3.37984933916667,1.2727272727272725,1.0909090909090908,5.635735491818178,3.3735155450000036,1.0909090909090908,
250,4,3.37984933916667,1.2727272727272725,1.0,5.635735491818178,3.3735155450000036,1.0909090909090908,
251,4,3.37984933916667,1.2727272727272725,1.0909090909090908,5.7266445827272685,3.3735155450000036,1.0909090909090908,
252,4,3.4631826725000034,1.2727272727272725,1.0909090909090908,5.7266445827272685,3.3735155450000036,1.0909090909090908,
253,4,3.4631826725000034,1.2727272727272725,1.1818181818181817,5.817553673636359,3.3735155450000036,1.0909090909090908,
254,4,3.4631826725000034,1.2727272727272725,1.1818181818181817,5.817553673636359,3.456848878333337,1.0909090909090908,
255,4,3.4631826725000034,1.2727272727272725,1.2727272727272725,5.90846276454545,3.456848878333337,1.0909090909090908,
256,4,3.4631826725000034,1.2727272727272725,1.2727272727272725,5.90846276454545,3.5401822116666706,1.0909090909090908,
257,4,3.4631826725000034,1.2727272727272725,1.0,5.90846276454545,3.5401822116666706,1.0909090909090908,
258,4,3.4631826725000034,1.2727272727272725,1.0,5.90846276454545,3.623515545000004,1.0909090909090908,
259,4,3.4631826725000034,1.2727272727272725,1.0,5.90846276454545,3.623515545000004,1.0909090909090908,
260,4,3.4631826725000034,1.2727272727272725,1.0,5.999371855454541,3.623515545000004,1.1818181818181817,
261,4,3.546516005833337,1.2727272727272725,1.0,5.999371855454541,3.623515545000004,1.1818181818181817,
262,4,3.191864405250003,1.1454545454545453,1.0,5.399434669909087,3.344497323833337,1.0636363636363635,
263,4,3.191864405250003,1.1454545454545453,1.0909090909090908,5.4903437608181775,3.344497323833337,1.0636363636363635,
264,4,3.191864405250003,1.1454545454545453,1.0,5.4903437608181775,3.344497323833337,1.0636363636363635,
265,4,3.191864405250003,1.1454545454545453,1.0,5.4903437608181775,3.4278306571666706,1.0636363636363635,
266,4,3.191864405250003,1.1454545454545453,1.0909090909090908,5.581252851727268,3.4278306571666706,1.0636363636363635,
267,4,3.2751977385833366,1.1454545454545453,1.0909090909090908,5.581252851727268,3.4278306571666706,1.0636363636363635,
268,4,3.35853107191667,1.1454545454545453,1.0909090909090908,5.581252851727268,3.4278306571666706,1.0636363636363635,
269,4,3.35853107191667,1.236363636363636,1.0909090909090908,5.672161942636359,3.4278306571666706,1.0636363636363635,
270,4,3.35853107191667,1.236363636363636,1.0909090909090908,5.672161942636359,3.511163990500004,1.0636363636363635,
271,4,3.4418644052500036,1.236363636363636,1.0909090909090908,5.672161942636359,3.511163990500004,1.0636363636363635,
272,4,3.4418644052500036,1.236363636363636,1.1818181818181817,5.76307103354545,3.511163990500004,1.0636363636363635,
273,4,3.4418644052500036,1.236363636363636,1.2727272727272725,5.853980124454541,3.511163990500004,1.0636363636363635,
274,4,3.525197738583337,1.236363636363636,1.2727272727272725,5.853980124454541,3.511163990500004,1.0636363636363635,
275,4,3.525197738583337,1.236363636363636,1.2727272727272725,5.853980124454541,3.5944973238333375,1.0636363636363635,
276,4,3.525197738583337,1.0,1.2727272727272725,5.853980124454541,3.5944973238333375,1.0636363636363635,
277,4,3.525197738583337,1.0,1.2727272727272725,5.853980124454541,3.677830657166671,1.0636363636363635,
278,4,3.525197738583337,1.0,1.0,5.853980124454541,3.677830657166671,1.0636363636363635,
279,4,3.525197738583337,1.0,1.0,5.944889215363632,3.677830657166671,1.1545454545454543,
280,4,3.525197738583337,1.0,1.0,5.944889215363632,3.7611639905000045,1.1545454545454543,
281,4,3.525197738583337,1.0,1.0909090909090908,6.0357983062727225,3.7611639905000045,1.1545454545454543,
282,4,3.6085310719166706,1.0,1.0909090909090908,6.0357983062727225,3.7611639905000045,1.1545454545454543,
283,4,3.6085310719166706,1.0,1.0909090909090908,6.0357983062727225,3.844497323833338,1.1545454545454543,
284,4,3.6085310719166706,1.0909090909090908,1.0909090909090908,6.126707397181813,3.844497323833338,1.1545454545454543,
285,4,3.691864405250004,1.0909090909090908,1.0909090909090908,6.126707397181813,3.844497323833338,1.1545454545454543,
286,4,3.691864405250004,1.0909090909090908,1.0909090909090908,6.126707397181813,3.9278306571666715,1.1545454545454543,
287,4,3.7751977385833375,1.0909090909090908,1.0909090909090908,6.126707397181813,3.9278306571666715,1.1545454545454543,
288,4,3.7751977385833375,1.1818181818181817,1.0909090909090908,6.217616488090904,3.9278306571666715,1.1545454545454543,
289,4,3.858531071916671,1.1818181818181817,1.0909090909090908,6.217616488090904,3.9278306571666715,1.1545454545454543,
290,4,3.858531071916671,1.2727272727272725,1.0909090909090908,6.308525578999995,3.9278306571666715,1.1545454545454543,
291,4,3.858531071916671,1.2727272727272725,1.0909090909090908,6.308525578999995,4.0111639905000045,1.1545454545454543,
292,4,3.472677964725004,1.1454545454545453,1.0909090909090908,5.768582112009087,3.6100475914500043,1.0390909090909088,
293,4,3.472677964725004,1.1454545454545453,1.0909090909090908,5.768582112009087,3.693380924783338,1.0390909090909088,
294,4,3.5560112980583374,1.1454545454545453,1.0909090909090908,5.768582112009087,3.693380924783338,1.0390909090909088,
295,4,3.639344631391671,1.1454545454545453,1.0909090909090908,5.768582112009087,3.693380924783338,1.0390909090909088,
296,4,3.639344631391671,1.1454545454545453,1.1818181818181817,5.859491202918178,3.693380924783338,1.0390909090909088,
297,4,3.639344631391671,1.1454545454545453,1.1818181818181817,5.859491202918178,3.7767142581166713,1.0390909090909088,
298,4,3.7226779647250043,1.1454545454545453,1.1818181818181817,5.859491202918178,3.7767142581166713,1.0390909090909088,
299,4,3.7226779647250043,1.1454545454545453,1.1818181818181817,5.859491202918178,3.8600475914500048,1.0390909090909088,
300,4,3.7226779647250043,1.1454545454545453,1.2727272727272725,5.950400293827268,3.8600475914500048,1.0390909090909088,
301,4,3.7226779647250043,1.1454545454545453,1.2727272727272725,6.041309384736359,3.8600475914500048,1.1299999999999997,
302,4,3.806011298058338,1.1454545454545453,1.2727272727272725,6.041309384736359,3.8600475914500048,1.1299999999999997,
303,4,3.806011298058338,1.1454545454545453,1.0,6.041309384736359,3.8600475914500048,1.1299999999999997,
304,4,3.806011298058338,1.1454545454545453,1.0,6.041309384736359,3.9433809247833382,1.1299999999999997,
305,4,3.8893446313916713,1.1454545454545453,1.0,6.041309384736359,3.9433809247833382,1.1299999999999997,
306,4,3.8893446313916713,1.1454545454545453,1.0909090909090908,6.13221847564545,3.9433809247833382,1.1299999999999997,
307,4,3.8893446313916713,1.1454545454545453,1.1818181818181817,6.223127566554541,3.9433809247833382,1.1299999999999997,
308,4,3.8893446313916713,1.1454545454545453,1.1818181818181817,6.223127566554541,4.026714258116671,1.1299999999999997,
309,4,3.8893446313916713,1.1454545454545453,1.2727272727272725,6.314036657463632,4.026714258116671,1.1299999999999997,
310,4,3.972677964725005,1.1454545454545453,1.2727272727272725,6.314036657463632,4.026714258116671,1.1299999999999997,
311,4,3.972677964725005,1.1454545454545453,1.2727272727272725,6.314036657463632,4.110047591450004,1.1299999999999997,
312,4,3.972677964725005,1.1454545454545453,1.3636363636363633,6.404945748372723,4.110047591450004,1.1299999999999997,
313,4,3.972677964725005,1.1454545454545453,1.3636363636363633,6.404945748372723,4.193380924783337,1.1299999999999997,
314,4,4.056011298058338,1.1454545454545453,1.3636363636363633,6.404945748372723,4.193380924783337,1.1299999999999997,
315,4,4.056011298058338,1.1454545454545453,1.0,6.404945748372723,4.193380924783337,1.1299999999999997,
316,4,4.056011298058338,1.1454545454545453,1.0909090909090908,6.495854839281813,4.193380924783337,1.1299999999999997,
317,4,4.139344631391671,1.1454545454545453,1.0909090909090908,6.495854839281813,4.193380924783337,1.1299999999999997,
318,4,4.139344631391671,1.1454545454545453,1.0909090909090908,6.495854839281813,4.27671425811667,1.1299999999999997,
319,4,4.222677964725004,1.1454545454545453,1.0909090909090908,6.495854839281813,4.27671425811667,1.1299999999999997,
320,4,4.222677964725004,1.1454545454545453,1.0,6.495854839281813,4.27671425811667,1.1299999999999997,
321,4,4.222677964725004,1.1454545454545453,1.0909090909090908,6.586763930190904,4.27671425811667,1.1299999999999997,
322,4,3.8004101682525038,1.0309090909090908,1.0909090909090908,6.018996628080905,3.8490428323050034,1.0169999999999997,
323,4,3.8004101682525038,1.0,1.0909090909090908,6.018996628080905,3.8490428323050034,1.0169999999999997,
324,4,3.8004101682525038,1.0,1.0909090909090908,6.018996628080905,3.932376165638337,1.0169999999999997,
325,4,3.8004101682525038,1.0,1.0,6.018996628080905,3.932376165638337,1.0169999999999997,
326,4,3.8837435015858373,1.0,1.0,6.018996628080905,3.932376165638337,1.0169999999999997,
327,4,3.8837435015858373,1.0,1.0909090909090908,6.109905718989996,3.932376165638337,1.0169999999999997,
328,4,3.8837435015858373,1.0,1.0909090909090908,6.109905718989996,4.01570949897167,1.0169999999999997,
329,4,3.8837435015858373,1.0,1.1818181818181817,6.200814809899087,4.01570949897167,1.0169999999999997,
330,4,3.8837435015858373,1.0,1.1818181818181817,6.200814809899087,4.099042832305003,1.0169999999999997,
331,4,3.8837435015858373,1.0,1.0,6.200814809899087,4.099042832305003,1.0169999999999997,
332,4,3.9670768349191707,1.0,1.0,6.200814809899087,4.099042832305003,1.0169999999999997,
333,4,3.9670768349191707,1.0,1.0,6.291723900808178,4.099042832305003,1.1079090909090905,
334,4,3.9670768349191707,1.0,1.0,6.291723900808178,4.1823761656383365,1.1079090909090905,
335,4,4.050410168252504,1.0,1.0,6.291723900808178,4.1823761656383365,1.1079090909090905,
336,4,4.050410168252504,1.0909090909090908,1.0,6.382632991717268,4.1823761656383365,1.1079090909090905,
337,4,4.050410168252504,1.0909090909090908,1.0909090909090908,6.473542082626359,4.1823761656383365,1.1079090909090905,
338,4,4.050410168252504,1.0909090909090908,1.0,6.473542082626359,4.1823761656383365,1.1079090909090905,
339,4,4.050410168252504,1.0909090909090908,1.0,6.473542082626359,4.1823761656383365,1.1079090909090905,
340,4,4.133743501585837,1.0909090909090908,1.0,6.473542082626359,4.1823761656383365,1.1079090909090905,
341,4,4.133743501585837,1.0909090909090908,1.0909090909090908,6.56445117353545,4.1823761656383365,1.1079090909090905,
342,4,4.133743501585837,1.0909090909090908,1.0909090909090908,6.56445117353545,4.2657094989716695,1.1079090909090905,
343,4,4.133743501585837,1.0909090909090908,1.1818181818181817,6.655360264444541,4.2657094989716695,1.1079090909090905,
344,4,4.133743501585837,1.0909090909090908,1.1818181818181817,6.655360264444541,4.3490428323050025,1.1079090909090905,
345,4,4.21707683491917,1.0909090909090908,1.1818181818181817,6.655360264444541,4.3490428323050025,1.1079090909090905,
346,4,4.21707683491917,1.0909090909090908,1.1818181818181817,6.746269355353632,4.3490428323050025,1.1988181818181813,
347,4,4.300410168252503,1.0909090909090908,1.1818181818181817,6.746269355353632,4.3490428323050025,1.1988181818181813,
348,4,4.300410168252503,1.0909090909090908,1.1818181818181817,6.746269355353632,4.432376165638336,1.1988181818181813,
349,4,4.383743501585836,1.0909090909090908,1.1818181818181817,6.746269355353632,4.432376165638336,1.1988181818181813,
350,4,4.383743501585836,1.0909090909090908,1.1818181818181817,6.746269355353632,4.515709498971669,1.1988181818181813,
351,4,4.383743501585836,1.0909090909090908,1.2727272727272725,6.8371784462627225,4.515709498971669,1.1988181818181813,
352,4,3.9453691514272524,1.0,1.1454545454545453,6.244369692545542,4.064138549074502,1.169845454545454,
353,4,4.0287024847605855,1.0,1.1454545454545453,6.244369692545542,4.064138549074502,1.169845454545454,
354,4,4.0287024847605855,1.0,1.0,6.244369692545542,4.064138549074502,1.169845454545454,
355,4,4.0287024847605855,1.0909090909090908,1.0,6.3352787834546325,4.064138549074502,1.169845454545454,
356,4,4.1120358180939185,1.0909090909090908,1.0,6.3352787834546325,4.064138549074502,1.169845454545454,
357,4,4.1120358180939185,1.0909090909090908,1.0,6.3352787834546325,4.064138549074502,1.169845454545454,
358,4,4.1120358180939185,1.0909090909090908,1.0909090909090908,6.426187874363723,4.064138549074502,1.169845454545454,
359,4,4.1953691514272515,1.0909090909090908,1.0909090909090908,6.426187874363723,4.064138549074502,1.169845454545454,
360,4,4.1953691514272515,1.0909090909090908,1.0909090909090908,6.426187874363723,4.147471882407835,1.169845454545454,
361,4,4.1953691514272515,1.0909090909090908,1.1818181818181817,6.517096965272814,4.147471882407835,1.169845454545454,
362,4,4.1953691514272515,1.0909090909090908,1.1818181818181817,6.517096965272814,4.230805215741168,1.169845454545454,
363,4,4.278702484760585,1.0909090909090908,1.1818181818181817,6.517096965272814,4.230805215741168,1.169845454545454,
364,4,4.278702484760585,1.1818181818181817,1.1818181818181817,6.608006056181905,4.230805215741168,1.169845454545454,
365,4,4.362035818093918,1.1818181818181817,1.1818181818181817,6.608006056181905,4.230805215741168,1.169845454545454,
366,4,4.362035818093918,1.1818181818181817,1.1818181818181817,6.608006056181905,4.314138549074501,1.169845454545454,
367,4,4.362035818093918,1.1818181818181817,1.1818181818181817,6.608006056181905,4.397471882407834,1.169845454545454,
368,4,4.362035818093918,1.1818181818181817,1.1818181818181817,6.698915147090996,4.397471882407834,1.2607545454545448,
369,4,4.362035818093918,1.1818181818181817,1.2727272727272725,6.789824238000087,4.397471882407834,1.2607545454545448,
370,4,4.445369151427251,1.1818181818181817,1.2727272727272725,6.789824238000087,4.397471882407834,1.2607545454545448,
371,4,4.445369151427251,1.1818181818181817,1.2727272727272725,6.789824238000087,4.480805215741167,1.2607545454545448,
372,4,4.445369151427251,1.1818181818181817,1.2727272727272725,6.789824238000087,4.5641385490745,1.2607545454545448,
373,4,4.445369151427251,1.0,1.2727272727272725,6.789824238000087,4.5641385490745,1.2607545454545448,
374,4,4.445369151427251,1.0,1.3636363636363633,6.880733328909177,4.5641385490745,1.2607545454545448,
375,4,4.445369151427251,1.0,1.0,6.880733328909177,4.5641385490745,1.2607545454545448,
376,4,4.528702484760584,1.0,1.0,6.880733328909177,4.5641385490745,1.2607545454545448,
377,4,4.528702484760584,1.0,1.0909090909090908,6.971642419818268,4.5641385490745,1.2607545454545448,
378,4,4.612035818093917,1.0,1.0909090909090908,6.971642419818268,4.5641385490745,1.2607545454545448,
379,4,4.612035818093917,1.0,1.1818181818181817,7.062551510727359,4.5641385490745,1.2607545454545448,
380,4,4.612035818093917,1.0,1.0,7.062551510727359,4.5641385490745,1.2607545454545448,
381,4,4.234165569617859,1.0,1.0,6.356296359654623,4.10772469416705,1.1346790909090902,
382,4,4.234165569617859,1.0,1.0,6.356296359654623,4.191058027500383,1.1346790909090902,
383,4,4.234165569617859,1.0,1.0,6.356296359654623,4.191058027500383,1.1346790909090902,
384,4,4.234165569617859,1.0,1.0,6.447205450563714,4.191058027500383,1.225588181818181,
385,4,4.234165569617859,1.0,1.0,6.538114541472805,4.191058027500383,1.316497272727272,
386,4,4.234165569617859,1.0,1.0,6.538114541472805,4.274391360833716,1.316497272727272,
387,4,4.234165569617859,1.0,1.0,6.538114541472805,4.274391360833716,1.316497272727272,
388,4,4.234165569617859,1.0,1.0909090909090908,6.629023632381895,4.274391360833716,1.316497272727272,
389,4,4.317498902951192,1.0,1.0909090909090908,6.629023632381895,4.274391360833716,1.316497272727272,
390,4,4.317498902951192,1.0,1.0909090909090908,6.629023632381895,4.357724694167049,1.316497272727272,
391,4,4.317498902951192,1.0,1.0909090909090908,6.629023632381895,4.441058027500382,1.316497272727272,
392,4,4.400832236284525,1.0,1.0909090909090908,6.629023632381895,4.441058027500382,1.316497272727272,
393,4,4.400832236284525,1.0,1.1818181818181817,6.719932723290986,4.441058027500382,1.316497272727272,
394,4,4.400832236284525,1.0,1.2727272727272725,6.810841814200077,4.441058027500382,1.316497272727272,
395,4,4.400832236284525,1.0,1.2727272727272725,6.810841814200077,4.524391360833715,1.316497272727272,
396,4,4.484165569617858,1.0,1.2727272727272725,6.810841814200077,4.524391360833715,1.316497272727272,
397,4,4.484165569617858,1.0909090909090908,1.2727272727272725,6.901750905109168,4.524391360833715,1.316497272727272,
398,4,4.484165569617858,1.0909090909090908,1.2727272727272725,6.901750905109168,4.607724694167048,1.316497272727272,
399,4,4.567498902951191,1.0909090909090908,1.2727272727272725,6.901750905109168,4.607724694167048,1.316497272727272,
400,4,4.650832236284524,1.0909090909090908,1.2727272727272725,6.901750905109168,4.607724694167048,1.316497272727272,
401,4,4.650832236284524,1.0909090909090908,1.0,6.901750905109168,4.607724694167048,1.316497272727272,
402,4,4.650832236284524,1.0909090909090908,1.0909090909090908,6.992659996018259,4.607724694167048,1.316497272727272,
403,4,4.650832236284524,1.0909090909090908,1.1818181818181817,7.0835690869273495,4.607724694167048,1.316497272727272,
404,4,4.734165569617857,1.0909090909090908,1.1818181818181817,7.0835690869273495,4.607724694167048,1.316497272727272,
405,4,4.734165569617857,1.0909090909090908,1.1818181818181817,7.0835690869273495,4.6910580275003815,1.316497272727272,
406,4,4.734165569617857,1.0909090909090908,1.1818181818181817,7.17447817783644,4.6910580275003815,1.4074063636363627,
407,4,4.734165569617857,1.0909090909090908,1.1818181818181817,7.17447817783644,4.7743913608337145,1.4074063636363627,
408,4,4.81749890295119,1.0909090909090908,1.1818181818181817,7.17447817783644,4.7743913608337145,1.4074063636363627,
409,4,4.81749890295119,1.0909090909090908,1.1818181818181817,7.265387268745531,4.7743913608337145,1.4983154545454536,
410,4,4.81749890295119,1.0909090909090908,1.1818181818181817,7.265387268745531,4.8577246941670476,1.4983154545454536,
411,4,4.900832236284523,1.0909090909090908,1.1818181818181817,7.265387268745531,4.8577246941670476,1.4983154545454536,
412,4,4.410749012656071,1.0,1.1545454545454543,6.629757632780069,4.371952224750343,1.3484839090909082,
413,4,4.410749012656071,1.0,1.1545454545454543,6.629757632780069,4.455285558083676,1.3484839090909082,
414,4,4.494082345989404,1.0,1.1545454545454543,6.629757632780069,4.455285558083676,1.3484839090909082,
415,4,4.577415679322737,1.0,1.1545454545454543,6.629757632780069,4.455285558083676,1.3484839090909082,
416,4,4.577415679322737,1.0,1.1545454545454543,6.629757632780069,4.538618891417009,1.3484839090909082,
417,4,4.577415679322737,1.0909090909090908,1.1545454545454543,6.72066672368916,4.538618891417009,1.3484839090909082,
418,4,4.577415679322737,1.0909090909090908,1.2454545454545451,6.811575814598251,4.538618891417009,1.3484839090909082,
419,4,4.577415679322737,1.0909090909090908,1.2454545454545451,6.811575814598251,4.621952224750342,1.3484839090909082,
420,4,4.577415679322737,1.0909090909090908,1.2454545454545451,6.811575814598251,4.621952224750342,1.0,
421,4,4.577415679322737,1.0909090909090908,1.336363636363636,6.902484905507341,4.621952224750342,1.0,
422,4,4.66074901265607,1.0909090909090908,1.336363636363636,6.902484905507341,4.621952224750342,1.0,
423,4,4.66074901265607,1.0909090909090908,1.0,6.902484905507341,4.621952224750342,1.0,
424,4,4.66074901265607,1.0909090909090908,1.0909090909090908,6.993393996416432,4.621952224750342,1.0,
425,4,4.66074901265607,1.0909090909090908,1.0909090909090908,6.993393996416432,4.705285558083675,1.0,
426,4,4.66074901265607,1.0909090909090908,1.0909090909090908,6.993393996416432,4.788618891417008,1.0,
427,4,4.66074901265607,1.0909090909090908,1.0,6.993393996416432,4.788618891417008,1.0,
428,4,4.66074901265607,1.0,1.0,6.993393996416432,4.788618891417008,1.0,
429,4,4.66074901265607,1.0,1.0,7.084303087325523,4.788618891417008,1.0909090909090908,
430,4,4.744082345989403,1.0,1.0,7.084303087325523,4.788618891417008,1.0909090909090908,
431,4,4.744082345989403,1.0,1.0,7.084303087325523,4.871952224750341,1.0909090909090908,
432,4,4.744082345989403,1.0,1.0909090909090908,7.175212178234614,4.871952224750341,1.0909090909090908,
433,4,4.827415679322736,1.0,1.0909090909090908,7.175212178234614,4.871952224750341,1.0909090909090908,
434,4,4.827415679322736,1.0,1.1818181818181817,7.266121269143705,4.871952224750341,1.0909090909090908,
435,4,4.827415679322736,1.0,1.1818181818181817,7.266121269143705,4.955285558083674,1.0909090909090908,
436,4,4.827415679322736,1.0,1.2727272727272725,7.3570303600527955,4.955285558083674,1.0909090909090908,
437,4,4.910749012656069,1.0,1.2727272727272725,7.3570303600527955,4.955285558083674,1.0909090909090908,
438,4,4.910749012656069,1.0,1.2727272727272725,7.3570303600527955,5.038618891417007,1.0909090909090908,
439,4,4.994082345989402,1.0,1.2727272727272725,7.3570303600527955,5.038618891417007,1.0909090909090908,
440,4,4.994082345989402,1.0,1.0,7.3570303600527955,5.038618891417007,1.0909090909090908,
441,4,4.994082345989402,1.0,1.0909090909090908,7.447939450961886,5.038618891417007,1.0909090909090908,
442,4,4.494674111390462,1.0,1.0,6.703145505865698,4.61809033560864,1.0,
443,4,4.494674111390462,1.0,1.0909090909090908,6.794054596774789,4.61809033560864,1.0,
444,4,4.578007444723795,1.0,1.0909090909090908,6.794054596774789,4.61809033560864,1.0,
445,4,4.661340778057128,1.0,1.0909090909090908,6.794054596774789,4.61809033560864,1.0,
446,4,4.661340778057128,1.0,1.1818181818181817,6.88496368768388,4.61809033560864,1.0,
447,4,4.744674111390461,1.0,1.1818181818181817,6.88496368768388,4.61809033560864,1.0,
448,4,4.744674111390461,1.0909090909090908,1.1818181818181817,6.97587277859297,4.61809033560864,1.0,
449,4,4.744674111390461,1.0909090909090908,1.1818181818181817,6.97587277859297,4.701423668941973,1.0,
450,4,4.828007444723794,1.0909090909090908,1.1818181818181817,6.97587277859297,4.701423668941973,1.0,
451,4,4.828007444723794,1.0909090909090908,1.0,6.97587277859297,4.701423668941973,1.0,
452,4,4.828007444723794,1.0909090909090908,1.0909090909090908,7.066781869502061,4.701423668941973,1.0,
453,4,4.828007444723794,1.0909090909090908,1.0909090909090908,7.066781869502061,4.784757002275306,1.0,
454,4,4.828007444723794,1.0909090909090908,1.0909090909090908,7.066781869502061,4.868090335608639,1.0,
455,4,4.828007444723794,1.1818181818181817,1.0909090909090908,7.157690960411152,4.868090335608639,1.0,
456,4,4.911340778057127,1.1818181818181817,1.0909090909090908,7.157690960411152,4.868090335608639,1.0,
457,4,4.911340778057127,1.1818181818181817,1.1818181818181817,7.248600051320243,4.868090335608639,1.0,
458,4,4.911340778057127,1.1818181818181817,1.1818181818181817,7.248600051320243,4.951423668941972,1.0,
459,4,4.911340778057127,1.1818181818181817,1.0,7.248600051320243,4.951423668941972,1.0,
460,4,4.911340778057127,1.1818181818181817,1.0909090909090908,7.339509142229334,4.951423668941972,1.0,
461,4,4.99467411139046,1.1818181818181817,1.0909090909090908,7.339509142229334,4.951423668941972,1.0,
462,4,4.99467411139046,1.1818181818181817,1.0909090909090908,7.339509142229334,5.034757002275305,1.0,
463,4,5.078007444723793,1.1818181818181817,1.0909090909090908,7.339509142229334,5.034757002275305,1.0,
464,4,5.078007444723793,1.1818181818181817,1.0909090909090908,7.339509142229334,5.118090335608638,1.0,
465,4,5.078007444723793,1.1818181818181817,1.1818181818181817,7.4304182331384245,5.118090335608638,1.0,
466,4,5.078007444723793,1.1818181818181817,1.1818181818181817,7.521327324047515,5.118090335608638,1.0909090909090908,
467,4,5.161340778057126,1.1818181818181817,1.1818181818181817,7.521327324047515,5.118090335608638,1.0909090909090908,
468,4,5.161340778057126,1.1818181818181817,1.1818181818181817,7.521327324047515,5.201423668941971,1.0909090909090908,
469,4,5.161340778057126,1.1818181818181817,1.1818181818181817,7.521327324047515,5.284757002275304,1.0909090909090908,
470,4,5.244674111390459,1.1818181818181817,1.1818181818181817,7.521327324047515,5.284757002275304,1.0909090909090908,
471,4,5.244674111390459,1.1818181818181817,1.2727272727272725,7.612236414956606,5.284757002275304,1.0909090909090908,
472,4,4.8035400335847465,1.0636363636363635,1.1454545454545453,6.851012773460946,4.756281302047774,1.0,
473,4,4.8035400335847465,1.0636363636363635,1.1454545454545453,6.851012773460946,4.839614635381107,1.0,
474,4,4.8035400335847465,1.0636363636363635,1.1454545454545453,6.941921864370037,4.839614635381107,1.0909090909090908,
475,4,4.8035400335847465,1.0636363636363635,1.1454545454545453,6.941921864370037,4.92294796871444,1.0909090909090908,
476,4,4.8868733669180795,1.0636363636363635,1.1454545454545453,6.941921864370037,4.92294796871444,1.0909090909090908,
477,4,4.8868733669180795,1.0636363636363635,1.236363636363636,7.0328309552791275,4.92294796871444,1.0909090909090908,
478,4,4.8868733669180795,1.0636363636363635,1.236363636363636,7.0328309552791275,5.006281302047773,1.0909090909090908,
479,4,4.9702067002514125,1.0636363636363635,1.236363636363636,7.0328309552791275,5.006281302047773,1.0909090909090908,
480,4,4.9702067002514125,1.0636363636363635,1.327272727272727,7.123740046188218,5.006281302047773,1.0909090909090908,
481,4,4.9702067002514125,1.0636363636363635,1.327272727272727,7.123740046188218,5.089614635381106,1.0909090909090908,
482,4,5.053540033584746,1.0636363636363635,1.327272727272727,7.123740046188218,5.089614635381106,1.0909090909090908,
483,4,5.053540033584746,1.0636363636363635,1.4181818181818178,7.214649137097309,5.089614635381106,1.0909090909090908,
484,4,5.053540033584746,1.1545454545454543,1.4181818181818178,7.3055582280064,5.089614635381106,1.0909090909090908,
485,4,5.136873366918079,1.1545454545454543,1.4181818181818178,7.3055582280064,5.089614635381106,1.0909090909090908,
486,4,5.136873366918079,1.1545454545454543,1.4181818181818178,7.3055582280064,5.172947968714439,1.0909090909090908,
487,4,5.136873366918079,1.1545454545454543,1.5090909090909086,7.396467318915491,5.172947968714439,1.0909090909090908,
488,4,5.220206700251412,1.1545454545454543,1.5090909090909086,7.396467318915491,5.172947968714439,1.0909090909090908,
489,4,5.303540033584745,1.1545454545454543,1.5090909090909086,7.396467318915491,5.172947968714439,1.0909090909090908,
490,4,5.303540033584745,1.1545454545454543,1.5999999999999994,7.487376409824582,5.172947968714439,1.0909090909090908,
491,4,5.303540033584745,1.1545454545454543,1.5999999999999994,7.487376409824582,5.256281302047772,1.0909090909090908,
492,4,5.303540033584745,1.0,1.5999999999999994,7.487376409824582,5.256281302047772,1.0909090909090908,
493,4,5.303540033584745,1.0,1.0,7.487376409824582,5.256281302047772,1.0909090909090908,
494,4,5.303540033584745,1.0,1.0909090909090908,7.5782855007336725,5.256281302047772,1.0909090909090908,
495,4,5.303540033584745,1.0,1.0,7.5782855007336725,5.256281302047772,1.0909090909090908,
496,4,5.303540033584745,1.0,1.0,7.5782855007336725,5.339614635381105,1.0909090909090908,
497,4,5.386873366918078,1.0,1.0,7.5782855007336725,5.339614635381105,1.0909090909090908,
498,4,5.386873366918078,1.0,1.0909090909090908,7.669194591642763,5.339614635381105,1.0909090909090908,
499,4,5.470206700251411,1.0,1.0909090909090908,7.669194591642763,5.339614635381105,1.0909090909090908,
500,4,5.470206700251411,1.0,1.1818181818181817,7.760103682551854,5.339614635381105,1.0909090909090908,
501,4,5.470206700251411,1.0,1.1818181818181817,7.760103682551854,5.422947968714438,1.0909090909090908,
502,4,4.92318603022627,1.0,1.0636363636363635,6.984093314296669,4.963986505176328,1.0,
503,4,5.006519363559603,1.0,1.0636363636363635,6.984093314296669,4.963986505176328,1.0,
504,4,5.006519363559603,1.0,1.1545454545454543,7.07500240520576,4.963986505176328,1.0,
505,4,5.006519363559603,1.0,1.2454545454545451,7.165911496114851,4.963986505176328,1.0,
506,4,5.006519363559603,1.0,1.2454545454545451,7.165911496114851,5.047319838509661,1.0,
507,4,5.089852696892936,1.0,1.2454545454545451,7.165911496114851,5.047319838509661,1.0,
508,4,5.089852696892936,1.0,1.336363636363636,7.256820587023942,5.047319838509661,1.0,
509,4,5.173186030226269,1.0,1.336363636363636,7.256820587023942,5.047319838509661,1.0,
510,4,5.173186030226269,1.0,1.336363636363636,7.256820587023942,5.130653171842994,1.0,
511,4,5.256519363559602,1.0,1.336363636363636,7.256820587023942,5.130653171842994,1.0,
512,4,5.256519363559602,1.0,1.336363636363636,7.256820587023942,5.213986505176327,1.0,
513,4,5.256519363559602,1.0,1.4272727272727268,7.3477296779330326,5.213986505176327,1.0,
514,4,5.256519363559602,1.0,1.4272727272727268,7.3477296779330326,5.213986505176327,1.0,
515,4,5.256519363559602,1.0,1.5181818181818176,7.438638768842123,5.213986505176327,1.0,
516,4,5.339852696892935,1.0,1.5181818181818176,7.438638768842123,5.213986505176327,1.0,
517,4,5.339852696892935,1.0,1.5181818181818176,7.438638768842123,5.29731983850966,1.0,
518,4,5.339852696892935,1.0,1.5181818181818176,7.529547859751214,5.29731983850966,1.0909090909090908,
519,4,5.423186030226268,1.0,1.5181818181818176,7.529547859751214,5.29731983850966,1.0909090909090908,
520,4,5.423186030226268,1.0,1.6090909090909085,7.620456950660305,5.29731983850966,1.0909090909090908,
521,4,5.423186030226268,1.0,1.6090909090909085,7.620456950660305,5.380653171842993,1.0909090909090908,
522,4,5.506519363559601,1.0,1.6090909090909085,7.620456950660305,5.380653171842993,1.0909090909090908,
523,4,5.506519363559601,1.0,1.6090909090909085,7.620456950660305,5.463986505176326,1.0909090909090908,
524,4,5.589852696892934,1.0,1.6090909090909085,7.620456950660305,5.463986505176326,1.0909090909090908,
525,4,5.589852696892934,1.0,1.6090909090909085,7.711366041569396,5.463986505176326,1.1818181818181817,
526,4,5.589852696892934,1.0,1.6090909090909085,7.711366041569396,5.547319838509659,1.1818181818181817,
527,4,5.673186030226267,1.0,1.6090909090909085,7.711366041569396,5.547319838509659,1.1818181818181817,
528,4,5.673186030226267,1.0,1.6999999999999993,7.802275132478487,5.547319838509659,1.1818181818181817,
529,4,5.673186030226267,1.0,1.7909090909090901,7.8931842233875775,5.547319838509659,1.1818181818181817,
530,4,5.673186030226267,1.0,1.7909090909090901,7.8931842233875775,5.630653171842992,1.1818181818181817,
531,4,5.7565193635596,1.0,1.7909090909090901,7.8931842233875775,5.630653171842992,1.1818181818181817,
532,4,5.180867427203641,1.0,1.6118181818181812,7.10386580104882,5.150921187992026,1.0636363636363635,
533,4,5.180867427203641,1.0,1.702727272727272,7.194774891957911,5.150921187992026,1.0636363636363635,
534,4,5.264200760536974,1.0,1.702727272727272,7.194774891957911,5.150921187992026,1.0636363636363635,
535,4,5.264200760536974,1.0,1.0,7.194774891957911,5.150921187992026,1.0636363636363635,
536,4,5.264200760536974,1.0,1.0909090909090908,7.285683982867002,5.150921187992026,1.0636363636363635,
537,4,5.347534093870307,1.0,1.0909090909090908,7.285683982867002,5.150921187992026,1.0636363636363635,
538,4,5.347534093870307,1.0,1.1818181818181817,7.3765930737760925,5.150921187992026,1.0636363636363635,
539,4,5.347534093870307,1.0,1.1818181818181817,7.3765930737760925,5.234254521325359,1.0636363636363635,
540,4,5.347534093870307,1.0,1.0,7.3765930737760925,5.234254521325359,1.0636363636363635,
541,4,5.43086742720364,1.0,1.0,7.3765930737760925,5.234254521325359,1.0636363636363635,
542,4,5.43086742720364,1.0,1.0,7.3765930737760925,5.317587854658692,1.0636363636363635,
543,4,5.43086742720364,1.0,1.0909090909090908,7.467502164685183,5.317587854658692,1.0636363636363635,
544,4,5.514200760536973,1.0,1.0909090909090908,7.467502164685183,5.317587854658692,1.0636363636363635,
545,4,5.514200760536973,1.0,1.1818181818181817,7.558411255594274,5.317587854658692,1.0636363636363635,
546,4,5.514200760536973,1.0,1.1818181818181817,7.558411255594274,5.400921187992025,1.0636363636363635,
547,4,5.514200760536973,1.0,1.1818181818181817,7.558411255594274,5.484254521325358,1.0636363636363635,
548,4,5.514200760536973,1.0,1.1818181818181817,7.558411255594274,5.484254521325358,1.0636363636363635,
549,4,5.514200760536973,1.0,1.2727272727272725,7.649320346503365,5.484254521325358,1.0636363636363635,
550,4,5.514200760536973,1.0,1.2727272727272725,7.649320346503365,5.567587854658691,1.0636363636363635,
551,4,5.514200760536973,1.0,1.3636363636363633,7.740229437412456,5.567587854658691,1.0636363636363635,
552,4,5.597534093870306,1.0,1.3636363636363633,7.740229437412456,5.567587854658691,1.0636363636363635,
553,4,5.597534093870306,1.0,1.4545454545454541,7.831138528321547,5.567587854658691,1.0636363636363635,
554,4,5.597534093870306,1.0,1.4545454545454541,7.831138528321547,5.650921187992024,1.0636363636363635,
555,4,5.597534093870306,1.0,1.4545454545454541,7.831138528321547,5.650921187992024,1.0636363636363635,
556,4,5.597534093870306,1.0,1.545454545454545,7.9220476192306375,5.650921187992024,1.0636363636363635,
557,4,5.597534093870306,1.0,1.545454545454545,7.9220476192306375,5.650921187992024,1.0,
558,4,5.597534093870306,1.0,1.0,7.9220476192306375,5.650921187992024,1.0,
559,4,5.680867427203639,1.0,1.0,7.9220476192306375,5.650921187992024,1.0,
560,4,5.680867427203639,1.0,1.0909090909090908,8.01295671013973,5.650921187992024,1.0,
561,4,5.680867427203639,1.0,1.0909090909090908,8.01295671013973,5.734254521325357,1.0,
562,4,5.112780684483275,1.0,1.0,7.302570130034847,5.160829069192822,1.0909090909090908,
563,4,5.196114017816608,1.0,1.0,7.302570130034847,5.160829069192822,1.0909090909090908,
564,4,5.279447351149941,1.0,1.0,7.302570130034847,5.160829069192822,1.0909090909090908,
565,4,5.279447351149941,1.0,1.0,7.302570130034847,5.160829069192822,1.0909090909090908,
566,4,5.279447351149941,1.0909090909090908,1.0,7.393479220943938,5.160829069192822,1.0909090909090908,
567,4,5.279447351149941,1.0909090909090908,1.0,7.393479220943938,5.244162402526155,1.0909090909090908,
568,4,5.279447351149941,1.0909090909090908,1.0909090909090908,7.484388311853029,5.244162402526155,1.0909090909090908,
569,4,5.279447351149941,1.0909090909090908,1.0909090909090908,7.484388311853029,5.327495735859488,1.0909090909090908,
570,4,5.362780684483274,1.0909090909090908,1.0909090909090908,7.484388311853029,5.327495735859488,1.0909090909090908,
571,4,5.362780684483274,1.0909090909090908,1.1818181818181817,7.57529740276212,5.327495735859488,1.0909090909090908,
572,4,5.446114017816607,1.0909090909090908,1.1818181818181817,7.57529740276212,5.327495735859488,1.0909090909090908,
573,4,5.446114017816607,1.0909090909090908,1.1818181818181817,7.57529740276212,5.410829069192821,1.0909090909090908,
574,4,5.5294473511499405,1.0909090909090908,1.1818181818181817,7.57529740276212,5.410829069192821,1.0909090909090908,
575,4,5.5294473511499405,1.0909090909090908,1.2727272727272725,7.66620649367121,5.410829069192821,1.0909090909090908,
576,4,5.5294473511499405,1.0909090909090908,1.2727272727272725,7.66620649367121,5.494162402526154,1.0909090909090908,
577,4,5.6127806844832735,1.0909090909090908,1.2727272727272725,7.66620649367121,5.494162402526154,1.0909090909090908,
578,4,5.6127806844832735,1.0909090909090908,1.3636363636363633,7.757115584580301,5.494162402526154,1.0909090909090908,
579,4,5.6127806844832735,1.0909090909090908,1.3636363636363633,7.757115584580301,5.577495735859487,1.0909090909090908,
580,4,5.6127806844832735,1.1818181818181817,1.3636363636363633,7.848024675489392,5.577495735859487,1.0909090909090908,
581,4,5.6961140178166065,1.1818181818181817,1.3636363636363633,7.848024675489392,5.577495735859487,1.0909090909090908,
582,4,5.6961140178166065,1.1818181818181817,1.3636363636363633,7.848024675489392,5.66082906919282,1.0909090909090908,
583,4,5.6961140178166065,1.1818181818181817,1.4545454545454541,7.938933766398483,5.66082906919282,1.0909090909090908,
584,4,5.77944735114994,1.1818181818181817,1.4545454545454541,7.938933766398483,5.66082906919282,1.0909090909090908,
585,4,5.77944735114994,1.1818181818181817,1.0,7.938933766398483,5.66082906919282,1.0909090909090908,
586,4,5.77944735114994,1.1818181818181817,1.0909090909090908,8.029842857307575,5.66082906919282,1.0909090909090908,
587,4,5.77944735114994,1.1818181818181817,1.0909090909090908,8.029842857307575,5.744162402526153,1.0909090909090908,
588,4,5.862780684483273,1.1818181818181817,1.0909090909090908,8.029842857307575,5.744162402526153,1.0909090909090908,
589,4,5.862780684483273,1.1818181818181817,1.0909090909090908,8.029842857307575,5.827495735859486,1.0909090909090908,
590,4,5.862780684483273,1.1818181818181817,1.0909090909090908,8.120751948216666,5.827495735859486,1.1818181818181817,
591,4,5.946114017816606,1.1818181818181817,1.0909090909090908,8.120751948216666,5.827495735859486,1.1818181818181817,
