iteration, destination,3->4,0->3,0->4,1->3,2->3,2->4,
1,4,1.0909090909090908,1.0,1.0,1.0,1.0909090909090908,1.0,
2,4,1.0909090909090908,1.0,1.0833333333333333,1.0,1.0909090909090908,1.0,
3,4,1.1818181818181817,1.0,1.0833333333333333,1.0909090909090908,1.0909090909090908,1.0,
4,4,1.1818181818181817,1.0,1.0833333333333333,1.0909090909090908,1.0909090909090908,1.0833333333333333,
5,4,1.1818181818181817,1.0,1.0833333333333333,1.0909090909090908,1.0909090909090908,1.1666666666666665,
6,4,1.2727272727272725,1.0,1.0833333333333333,1.1818181818181817,1.0909090909090908,1.1666666666666665,
7,4,1.2727272727272725,1.0,1.0833333333333333,1.1818181818181817,1.0909090909090908,1.2499999999999998,
8,4,1.3636363636363633,1.0909090909090908,1.0833333333333333,1.1818181818181817,1.0909090909090908,1.2499999999999998,
9,4,1.4545454545454541,1.0909090909090908,1.0833333333333333,1.2727272727272725,1.0909090909090908,1.2499999999999998,
10,4,1.4545454545454541,1.0909090909090908,1.0833333333333333,1.2727272727272725,1.0909090909090908,1.333333333333333,
11,4,1.545454545454545,1.1818181818181817,1.0833333333333333,1.2727272727272725,1.0909090909090908,1.333333333333333,
12,4,1.545454545454545,1.1818181818181817,1.0833333333333333,1.2727272727272725,1.0909090909090908,1.4166666666666663,
13,4,1.545454545454545,1.1818181818181817,1.1666666666666665,1.2727272727272725,1.0909090909090908,1.4166666666666663,
14,4,1.6363636363636358,1.1818181818181817,1.1666666666666665,1.3636363636363633,1.0909090909090908,1.4166666666666663,
15,4,1.6363636363636358,1.1818181818181817,1.1666666666666665,1.3636363636363633,1.0909090909090908,1.4999999999999996,
16,4,1.7272727272727266,1.2727272727272725,1.1666666666666665,1.3636363636363633,1.0909090909090908,1.4999999999999996,
17,4,1.8181818181818175,1.3636363636363633,1.1666666666666665,1.3636363636363633,1.0909090909090908,1.4999999999999996,
18,4,1.8181818181818175,1.3636363636363633,1.2499999999999998,1.3636363636363633,1.0909090909090908,1.4999999999999996,
19,4,1.8181818181818175,1.3636363636363633,1.2499999999999998,1.3636363636363633,1.0,1.4999999999999996,
20,4,1.8181818181818175,1.3636363636363633,1.2499999999999998,1.0,1.0,1.4999999999999996,
21,4,1.9090909090909083,1.3636363636363633,1.2499999999999998,1.0909090909090908,1.0,1.4999999999999996,
22,4,1.7181818181818176,1.227272727272727,1.208333333333333,1.0,1.0,1.3499999999999996,
23,4,1.7181818181818176,1.227272727272727,1.208333333333333,1.0,1.0,1.433333333333333,
24,4,1.8090909090909084,1.227272727272727,1.208333333333333,1.0909090909090908,1.0,1.433333333333333,
25,4,1.8090909090909084,1.227272727272727,1.2916666666666663,1.0909090909090908,1.0,1.433333333333333,
26,4,1.8999999999999992,1.227272727272727,1.2916666666666663,1.1818181818181817,1.0,1.433333333333333,
27,4,1.8999999999999992,1.227272727272727,1.2916666666666663,1.1818181818181817,1.0,1.433333333333333,
28,4,1.99090909090909,1.318181818181818,1.2916666666666663,1.1818181818181817,1.0,1.433333333333333,
29,4,1.99090909090909,1.0,1.2916666666666663,1.1818181818181817,1.0,1.433333333333333,
30,4,1.99090909090909,1.0,1.3749999999999996,1.1818181818181817,1.0,1.433333333333333,
31,4,1.99090909090909,1.0,1.3749999999999996,1.1818181818181817,1.0,1.433333333333333,
32,4,2.081818181818181,1.0,1.3749999999999996,1.2727272727272725,1.0,1.433333333333333,
33,4,2.081818181818181,1.0,1.3749999999999996,1.2727272727272725,1.0,1.5166666666666662,
34,4,2.081818181818181,1.0,1.4583333333333328,1.2727272727272725,1.0,1.5166666666666662,
35,4,2.081818181818181,1.0,1.4583333333333328,1.0,1.0,1.5166666666666662,
36,4,2.172727272727272,1.0909090909090908,1.4583333333333328,1.0,1.0,1.5166666666666662,
37,4,2.263636363636363,1.0909090909090908,1.4583333333333328,1.0,1.0909090909090908,1.5166666666666662,
38,4,2.263636363636363,1.0,1.4583333333333328,1.0,1.0909090909090908,1.5166666666666662,
39,4,2.263636363636363,1.0,1.4583333333333328,1.0,1.0909090909090908,1.5999999999999994,
40,4,2.263636363636363,1.0,1.4583333333333328,1.0,1.0909090909090908,1.5999999999999994,
41,4,2.3545454545454536,1.0,1.4583333333333328,1.0,1.1818181818181817,1.5999999999999994,
42,4,2.3545454545454536,1.0,1.4583333333333328,1.0,1.1818181818181817,1.6833333333333327,
43,4,2.4454545454545444,1.0909090909090908,1.4583333333333328,1.0,1.1818181818181817,1.6833333333333327,
44,4,2.4454545454545444,1.0909090909090908,1.541666666666666,1.0,1.1818181818181817,1.6833333333333327,
45,4,2.4454545454545444,1.0909090909090908,1.541666666666666,1.0,1.1818181818181817,1.766666666666666,
46,4,2.4454545454545444,1.0,1.541666666666666,1.0,1.1818181818181817,1.766666666666666,
47,4,2.5363636363636353,1.0,1.541666666666666,1.0909090909090908,1.1818181818181817,1.766666666666666,
48,4,2.627272727272726,1.0,1.541666666666666,1.1818181818181817,1.1818181818181817,1.766666666666666,
49,4,2.627272727272726,1.0,1.541666666666666,1.1818181818181817,1.1818181818181817,1.766666666666666,
50,4,2.627272727272726,1.0,1.541666666666666,1.1818181818181817,1.0,1.766666666666666,
51,4,2.3645454545454534,1.0,1.3874999999999995,1.0636363636363635,1.0,1.6733333333333327,
52,4,2.3645454545454534,1.0,1.3874999999999995,1.0,1.0,1.6733333333333327,
53,4,2.3645454545454534,1.0,1.4708333333333328,1.0,1.0,1.6733333333333327,
54,4,2.4554545454545442,1.0,1.4708333333333328,1.0,1.0909090909090908,1.6733333333333327,
55,4,2.4554545454545442,1.0,1.554166666666666,1.0,1.0909090909090908,1.6733333333333327,
56,4,2.4554545454545442,1.0,1.554166666666666,1.0,1.0909090909090908,1.6733333333333327,
57,4,2.546363636363635,1.0,1.554166666666666,1.0909090909090908,1.0909090909090908,1.6733333333333327,
58,4,2.637272727272726,1.0,1.554166666666666,1.1818181818181817,1.0909090909090908,1.6733333333333327,
59,4,2.637272727272726,1.0,1.554166666666666,1.1818181818181817,1.0909090909090908,1.756666666666666,
60,4,2.637272727272726,1.0,1.6374999999999993,1.1818181818181817,1.0909090909090908,1.756666666666666,
61,4,2.637272727272726,1.0,1.6374999999999993,1.1818181818181817,1.0909090909090908,1.8399999999999992,
62,4,2.7281818181818167,1.0,1.6374999999999993,1.2727272727272725,1.0909090909090908,1.8399999999999992,
63,4,2.7281818181818167,1.0,1.7208333333333325,1.2727272727272725,1.0909090909090908,1.8399999999999992,
64,4,2.7281818181818167,1.0,1.7208333333333325,1.2727272727272725,1.0909090909090908,1.9233333333333325,
65,4,2.8190909090909075,1.0,1.7208333333333325,1.3636363636363633,1.0909090909090908,1.9233333333333325,
66,4,2.8190909090909075,1.0,1.8041666666666658,1.3636363636363633,1.0909090909090908,1.9233333333333325,
67,4,2.8190909090909075,1.0,1.887499999999999,1.3636363636363633,1.0909090909090908,1.9233333333333325,
68,4,2.8190909090909075,1.0,1.887499999999999,1.3636363636363633,1.0,1.9233333333333325,
69,4,2.9099999999999984,1.0,1.887499999999999,1.3636363636363633,1.0909090909090908,1.9233333333333325,
70,4,3.000909090909089,1.0,1.887499999999999,1.4545454545454541,1.0909090909090908,1.9233333333333325,
71,4,3.000909090909089,1.0,1.9708333333333323,1.4545454545454541,1.0909090909090908,1.9233333333333325,
72,4,3.000909090909089,1.0,1.9708333333333323,1.4545454545454541,1.0909090909090908,2.006666666666666,
73,4,3.09181818181818,1.0,1.9708333333333323,1.545454545454545,1.0909090909090908,2.006666666666666,
74,4,3.09181818181818,1.0,1.9708333333333323,1.545454545454545,1.0909090909090908,2.0899999999999994,
75,4,3.09181818181818,1.0,2.054166666666666,1.545454545454545,1.0909090909090908,2.0899999999999994,
76,4,3.182727272727271,1.0,2.054166666666666,1.6363636363636358,1.0909090909090908,2.0899999999999994,
77,4,3.182727272727271,1.0,2.054166666666666,1.6363636363636358,1.0909090909090908,2.173333333333333,
78,4,3.182727272727271,1.0,2.054166666666666,1.6363636363636358,1.0909090909090908,2.2566666666666664,
79,4,3.2736363636363617,1.0,2.054166666666666,1.7272727272727266,1.0909090909090908,2.2566666666666664,
80,4,3.2736363636363617,1.0,2.1374999999999993,1.7272727272727266,1.0909090909090908,2.2566666666666664,
81,4,2.9462727272727256,1.0,1.9237499999999994,1.0,1.0,2.0309999999999997,
82,4,2.9462727272727256,1.0,2.0070833333333327,1.0,1.0,2.0309999999999997,
83,4,3.0371818181818164,1.0,2.0070833333333327,1.0,1.0909090909090908,2.0309999999999997,
84,4,3.0371818181818164,1.0,2.0070833333333327,1.0,1.0909090909090908,2.114333333333333,
85,4,3.1280909090909073,1.0,2.0070833333333327,1.0909090909090908,1.0909090909090908,2.114333333333333,
86,4,3.1280909090909073,1.0,2.0070833333333327,1.0,1.0909090909090908,2.114333333333333,
87,4,3.1280909090909073,1.0,2.0070833333333327,1.0,1.0909090909090908,2.114333333333333,
88,4,3.1280909090909073,1.0,2.0070833333333327,1.0,1.0909090909090908,2.1976666666666667,
89,4,3.218999999999998,1.0,2.0070833333333327,1.0909090909090908,1.0909090909090908,2.1976666666666667,
90,4,3.218999999999998,1.0,2.090416666666666,1.0909090909090908,1.0909090909090908,2.1976666666666667,
91,4,3.309909090909089,1.0,2.090416666666666,1.1818181818181817,1.0909090909090908,2.1976666666666667,
92,4,3.309909090909089,1.0,2.090416666666666,1.1818181818181817,1.0909090909090908,2.281,
93,4,3.309909090909089,1.0,2.090416666666666,1.0,1.0909090909090908,2.281,
94,4,3.4008181818181797,1.0,2.090416666666666,1.0909090909090908,1.0909090909090908,2.281,
95,4,3.4008181818181797,1.0,2.1737499999999996,1.0909090909090908,1.0909090909090908,2.281,
96,4,3.4008181818181797,1.0,2.1737499999999996,1.0909090909090908,1.0909090909090908,2.3643333333333336,
97,4,3.4917272727272706,1.0,2.1737499999999996,1.1818181818181817,1.0909090909090908,2.3643333333333336,
98,4,3.4917272727272706,1.0,2.1737499999999996,1.1818181818181817,1.0909090909090908,2.447666666666667,
99,4,3.4917272727272706,1.0,2.257083333333333,1.1818181818181817,1.0909090909090908,2.447666666666667,
100,4,3.5826363636363614,1.0,2.257083333333333,1.2727272727272725,1.0909090909090908,2.447666666666667,
101,4,3.5826363636363614,1.0,2.257083333333333,1.2727272727272725,1.0909090909090908,2.5310000000000006,
102,4,3.6735454545454522,1.0,2.257083333333333,1.3636363636363633,1.0909090909090908,2.5310000000000006,
103,4,3.6735454545454522,1.0,2.3404166666666666,1.3636363636363633,1.0909090909090908,2.5310000000000006,
104,4,3.6735454545454522,1.0,2.3404166666666666,1.0,1.0909090909090908,2.5310000000000006,
105,4,3.764454545454543,1.0909090909090908,2.3404166666666666,1.0,1.0909090909090908,2.5310000000000006,
106,4,3.764454545454543,1.0909090909090908,2.42375,1.0,1.0909090909090908,2.5310000000000006,
107,4,3.764454545454543,1.0909090909090908,2.42375,1.0,1.0909090909090908,2.614333333333334,
108,4,3.764454545454543,1.0909090909090908,2.42375,1.0,1.0909090909090908,2.6976666666666675,
109,4,3.764454545454543,1.0909090909090908,2.42375,1.0,1.0909090909090908,2.6976666666666675,
110,4,3.855363636363634,1.0909090909090908,2.42375,1.0909090909090908,1.0909090909090908,2.6976666666666675,
111,4,3.855363636363634,1.0909090909090908,2.5070833333333336,1.0909090909090908,1.0909090909090908,2.6976666666666675,
112,4,3.5607363636363614,1.0909090909090908,2.2563750000000002,1.0,1.0,2.427900000000001,
113,4,3.5607363636363614,1.0909090909090908,2.2563750000000002,1.0,1.0,2.5112333333333345,
114,4,3.5607363636363614,1.0909090909090908,2.3397083333333337,1.0,1.0,2.5112333333333345,
115,4,3.5607363636363614,1.0909090909090908,2.3397083333333337,1.0,1.0,2.594566666666668,
116,4,3.5607363636363614,1.0,2.3397083333333337,1.0,1.0,2.594566666666668,
117,4,3.651645454545452,1.0,2.3397083333333337,1.0,1.0909090909090908,2.594566666666668,
118,4,3.651645454545452,1.0,2.3397083333333337,1.0,1.0,2.594566666666668,
119,4,3.651645454545452,1.0,2.3397083333333337,1.0,1.0,2.594566666666668,
120,4,3.742554545454543,1.0,2.3397083333333337,1.0909090909090908,1.0,2.594566666666668,
121,4,3.833463636363634,1.0909090909090908,2.3397083333333337,1.0909090909090908,1.0,2.594566666666668,
122,4,3.833463636363634,1.0909090909090908,2.3397083333333337,1.0909090909090908,1.0,2.6779000000000015,
123,4,3.833463636363634,1.0909090909090908,2.423041666666667,1.0909090909090908,1.0,2.6779000000000015,
124,4,3.833463636363634,1.0909090909090908,2.423041666666667,1.0909090909090908,1.0,2.761233333333335,
125,4,3.9243727272727247,1.0909090909090908,2.423041666666667,1.1818181818181817,1.0,2.761233333333335,
126,4,3.9243727272727247,1.0,2.423041666666667,1.1818181818181817,1.0,2.761233333333335,
127,4,3.9243727272727247,1.0,2.423041666666667,1.1818181818181817,1.0,2.8445666666666685,
128,4,4.0152818181818155,1.0,2.423041666666667,1.2727272727272725,1.0,2.8445666666666685,
129,4,4.0152818181818155,1.0,2.423041666666667,1.2727272727272725,1.0,2.927900000000002,
130,4,4.0152818181818155,1.0,2.423041666666667,1.0,1.0,2.927900000000002,
131,4,4.0152818181818155,1.0,2.5063750000000007,1.0,1.0,2.927900000000002,
132,4,4.106190909090906,1.0909090909090908,2.5063750000000007,1.0,1.0,2.927900000000002,
133,4,4.197099999999997,1.0909090909090908,2.5063750000000007,1.0,1.0909090909090908,2.927900000000002,
134,4,4.197099999999997,1.0909090909090908,2.5063750000000007,1.0,1.0,2.927900000000002,
135,4,4.288009090909088,1.0909090909090908,2.5063750000000007,1.0909090909090908,1.0,2.927900000000002,
136,4,4.288009090909088,1.0909090909090908,2.589708333333334,1.0909090909090908,1.0,2.927900000000002,
137,4,4.288009090909088,1.0909090909090908,2.589708333333334,1.0909090909090908,1.0,3.0112333333333354,
138,4,4.378918181818179,1.0909090909090908,2.589708333333334,1.1818181818181817,1.0,3.0112333333333354,
139,4,4.378918181818179,1.0909090909090908,2.589708333333334,1.1818181818181817,1.0,3.0112333333333354,
140,4,4.378918181818179,1.0,2.589708333333334,1.1818181818181817,1.0,3.0112333333333354,
141,4,3.941026363636361,1.0,2.330737500000001,1.0,1.0,2.710110000000002,
142,4,3.941026363636361,1.0,2.330737500000001,1.0,1.0,2.710110000000002,
143,4,3.941026363636361,1.0,2.330737500000001,1.0,1.0,2.7934433333333355,
144,4,4.031935454545452,1.0,2.330737500000001,1.0909090909090908,1.0,2.7934433333333355,
145,4,4.122844545454543,1.0909090909090908,2.330737500000001,1.0909090909090908,1.0,2.7934433333333355,
146,4,4.122844545454543,1.0909090909090908,2.330737500000001,1.0909090909090908,1.0,2.876776666666669,
147,4,4.122844545454543,1.0,2.330737500000001,1.0909090909090908,1.0,2.876776666666669,
148,4,4.213753636363633,1.0,2.330737500000001,1.1818181818181817,1.0,2.876776666666669,
149,4,4.213753636363633,1.0,2.330737500000001,1.1818181818181817,1.0,2.876776666666669,
150,4,4.213753636363633,1.0,2.330737500000001,1.1818181818181817,1.0,2.876776666666669,
151,4,4.304662727272724,1.0,2.330737500000001,1.2727272727272725,1.0,2.876776666666669,
152,4,4.304662727272724,1.0,2.330737500000001,1.2727272727272725,1.0,2.9601100000000025,
153,4,4.304662727272724,1.0,2.330737500000001,1.2727272727272725,1.0,2.9601100000000025,
154,4,4.304662727272724,1.0,2.330737500000001,1.0,1.0,2.9601100000000025,
155,4,4.395571818181815,1.0909090909090908,2.330737500000001,1.0,1.0,2.9601100000000025,
156,4,4.395571818181815,1.0909090909090908,2.4140708333333345,1.0,1.0,2.9601100000000025,
157,4,4.395571818181815,1.0909090909090908,2.4140708333333345,1.0,1.0,3.043443333333336,
158,4,4.395571818181815,1.0909090909090908,2.4140708333333345,1.0,1.0,3.043443333333336,
159,4,4.486480909090906,1.0909090909090908,2.4140708333333345,1.0909090909090908,1.0,3.043443333333336,
160,4,4.486480909090906,1.0909090909090908,2.4140708333333345,1.0,1.0,3.043443333333336,
161,4,4.577389999999997,1.0909090909090908,2.4140708333333345,1.0909090909090908,1.0,3.043443333333336,
162,4,4.577389999999997,1.0909090909090908,2.4140708333333345,1.0,1.0,3.043443333333336,
163,4,4.577389999999997,1.0909090909090908,2.4140708333333345,1.0,1.0,3.043443333333336,
164,4,4.668299090909088,1.1818181818181817,2.4140708333333345,1.0,1.0,3.043443333333336,
165,4,4.668299090909088,1.0,2.4140708333333345,1.0,1.0,3.043443333333336,
166,4,4.759208181818178,1.0,2.4140708333333345,1.0909090909090908,1.0,3.043443333333336,
167,4,4.759208181818178,1.0,2.4140708333333345,1.0909090909090908,1.0,3.1267766666666694,
168,4,4.759208181818178,1.0,2.4140708333333345,1.0909090909090908,1.0,3.210110000000003,
169,4,4.759208181818178,1.0,2.4140708333333345,1.0909090909090908,1.0,3.210110000000003,
170,4,4.759208181818178,1.0,2.4140708333333345,1.0,1.0,3.210110000000003,
171,4,4.850117272727269,1.0,2.4140708333333345,1.0909090909090908,1.0,3.210110000000003,
172,4,4.365105545454543,1.0,2.2559970833333347,1.0,1.0,2.8890990000000025,
173,4,4.4560146363636335,1.0909090909090908,2.2559970833333347,1.0,1.0,2.8890990000000025,
174,4,4.4560146363636335,1.0909090909090908,2.2559970833333347,1.0,1.0,2.8890990000000025,
175,4,4.4560146363636335,1.0909090909090908,2.2559970833333347,1.0,1.0,2.972432333333336,
176,4,4.4560146363636335,1.0909090909090908,2.339330416666668,1.0,1.0,2.972432333333336,
177,4,4.546923727272724,1.0909090909090908,2.339330416666668,1.0909090909090908,1.0,2.972432333333336,
178,4,4.637832818181815,1.0909090909090908,2.339330416666668,1.1818181818181817,1.0,2.972432333333336,
179,4,4.637832818181815,1.0909090909090908,2.339330416666668,1.1818181818181817,1.0,3.0557656666666695,
180,4,4.637832818181815,1.0909090909090908,2.339330416666668,1.0,1.0,3.0557656666666695,
181,4,4.637832818181815,1.0909090909090908,2.339330416666668,1.0,1.0,3.139099000000003,
182,4,4.728741909090906,1.0909090909090908,2.339330416666668,1.0909090909090908,1.0,3.139099000000003,
183,4,4.728741909090906,1.0909090909090908,2.339330416666668,1.0,1.0,3.139099000000003,
184,4,4.728741909090906,1.0909090909090908,2.4226637500000017,1.0,1.0,3.139099000000003,
185,4,4.728741909090906,1.0909090909090908,2.4226637500000017,1.0,1.0,3.2224323333333365,
186,4,4.819650999999997,1.1818181818181817,2.4226637500000017,1.0,1.0,3.2224323333333365,
187,4,4.910560090909088,1.2727272727272725,2.4226637500000017,1.0,1.0,3.2224323333333365,
188,4,4.910560090909088,1.2727272727272725,2.505997083333335,1.0,1.0,3.2224323333333365,
189,4,4.910560090909088,1.2727272727272725,2.505997083333335,1.0,1.0,3.30576566666667,
190,4,4.910560090909088,1.2727272727272725,2.5893304166666686,1.0,1.0,3.30576566666667,
191,4,5.0014691818181785,1.2727272727272725,2.5893304166666686,1.0,1.0909090909090908,3.30576566666667,
192,4,5.0014691818181785,1.2727272727272725,2.5893304166666686,1.0,1.0909090909090908,3.3890990000000034,
193,4,5.0014691818181785,1.2727272727272725,2.5893304166666686,1.0,1.0909090909090908,3.472432333333337,
194,4,5.092378272727269,1.3636363636363633,2.5893304166666686,1.0,1.0909090909090908,3.472432333333337,
195,4,5.092378272727269,1.3636363636363633,2.5893304166666686,1.0,1.0909090909090908,3.472432333333337,
196,4,5.092378272727269,1.3636363636363633,2.672663750000002,1.0,1.0909090909090908,3.472432333333337,
197,4,5.18328736363636,1.3636363636363633,2.672663750000002,1.0909090909090908,1.0909090909090908,3.472432333333337,
198,4,5.18328736363636,1.3636363636363633,2.672663750000002,1.0909090909090908,1.0909090909090908,3.5557656666666704,
199,4,5.18328736363636,1.0,2.672663750000002,1.0909090909090908,1.0909090909090908,3.5557656666666704,
200,4,5.274196454545451,1.0,2.672663750000002,1.0909090909090908,1.1818181818181817,3.5557656666666704,
201,4,4.837685899999997,1.0,2.405397375000002,1.0909090909090908,1.0636363636363635,3.2001891000000033,
202,4,4.837685899999997,1.0,2.4887307083333354,1.0909090909090908,1.0636363636363635,3.2001891000000033,
203,4,4.837685899999997,1.0,2.4887307083333354,1.0909090909090908,1.0636363636363635,3.283522433333337,
204,4,4.837685899999997,1.0,2.572064041666669,1.0909090909090908,1.0636363636363635,3.283522433333337,
205,4,4.928594990909088,1.0,2.572064041666669,1.1818181818181817,1.0636363636363635,3.283522433333337,
206,4,4.928594990909088,1.0,2.572064041666669,1.1818181818181817,1.0636363636363635,3.3668557666666703,
207,4,5.019504081818178,1.0909090909090908,2.572064041666669,1.1818181818181817,1.0636363636363635,3.3668557666666703,
208,4,5.019504081818178,1.0909090909090908,2.572064041666669,1.1818181818181817,1.0636363636363635,3.450189100000004,
209,4,5.019504081818178,1.0909090909090908,2.572064041666669,1.0,1.0636363636363635,3.450189100000004,
210,4,5.019504081818178,1.0909090909090908,2.572064041666669,1.0,1.0636363636363635,3.5335224333333373,
211,4,5.019504081818178,1.0909090909090908,2.572064041666669,1.0,1.0636363636363635,3.5335224333333373,
212,4,5.110413172727269,1.1818181818181817,2.572064041666669,1.0,1.0636363636363635,3.5335224333333373,
213,4,5.110413172727269,1.0,2.572064041666669,1.0,1.0636363636363635,3.5335224333333373,
214,4,5.110413172727269,1.0,2.572064041666669,1.0,1.0636363636363635,3.5335224333333373,
215,4,5.20132226363636,1.0,2.572064041666669,1.0909090909090908,1.0636363636363635,3.5335224333333373,
216,4,5.20132226363636,1.0,2.572064041666669,1.0909090909090908,1.0636363636363635,3.6168557666666707,
217,4,5.20132226363636,1.0,2.6553973750000024,1.0909090909090908,1.0636363636363635,3.6168557666666707,
218,4,5.292231354545451,1.0,2.6553973750000024,1.1818181818181817,1.0636363636363635,3.6168557666666707,
219,4,5.292231354545451,1.0,2.6553973750000024,1.1818181818181817,1.0636363636363635,3.7001891000000042,
220,4,5.292231354545451,1.0,2.738730708333336,1.1818181818181817,1.0636363636363635,3.7001891000000042,
221,4,5.292231354545451,1.0,2.738730708333336,1.1818181818181817,1.0636363636363635,3.7835224333333377,
222,4,5.383140445454542,1.0909090909090908,2.738730708333336,1.1818181818181817,1.0636363636363635,3.7835224333333377,
223,4,5.474049536363633,1.0909090909090908,2.738730708333336,1.2727272727272725,1.0636363636363635,3.7835224333333377,
224,4,5.474049536363633,1.0909090909090908,2.8220640416666694,1.2727272727272725,1.0636363636363635,3.7835224333333377,
225,4,5.564958627272723,1.0909090909090908,2.8220640416666694,1.2727272727272725,1.1545454545454543,3.7835224333333377,
226,4,5.564958627272723,1.0909090909090908,2.8220640416666694,1.2727272727272725,1.1545454545454543,3.866855766666671,
227,4,5.564958627272723,1.0909090909090908,2.905397375000003,1.2727272727272725,1.1545454545454543,3.866855766666671,
228,4,5.655867718181814,1.0909090909090908,2.905397375000003,1.3636363636363633,1.1545454545454543,3.866855766666671,
229,4,5.655867718181814,1.0909090909090908,2.905397375000003,1.3636363636363633,1.1545454545454543,3.9501891000000047,
230,4,5.655867718181814,1.0,2.905397375000003,1.3636363636363633,1.1545454545454543,3.9501891000000047,
231,4,5.090280946363633,1.0,2.6148576375000028,1.0,1.0390909090909088,3.555170190000004,
232,4,5.090280946363633,1.0,2.6148576375000028,1.0,1.0390909090909088,3.555170190000004,
233,4,5.1811900372727235,1.0,2.6148576375000028,1.0909090909090908,1.0390909090909088,3.555170190000004,
234,4,5.1811900372727235,1.0,2.6148576375000028,1.0909090909090908,1.0390909090909088,3.6385035233333376,
235,4,5.1811900372727235,1.0,2.6148576375000028,1.0909090909090908,1.0390909090909088,3.721836856666671,
236,4,5.272099128181814,1.0,2.6148576375000028,1.1818181818181817,1.0390909090909088,3.721836856666671,
237,4,5.272099128181814,1.0,2.6981909708333363,1.1818181818181817,1.0390909090909088,3.721836856666671,
238,4,5.272099128181814,1.0,2.6981909708333363,1.1818181818181817,1.0390909090909088,3.721836856666671,
239,4,5.363008219090905,1.0909090909090908,2.6981909708333363,1.1818181818181817,1.0390909090909088,3.721836856666671,
240,4,5.363008219090905,1.0909090909090908,2.6981909708333363,1.1818181818181817,1.0390909090909088,3.8051701900000046,
241,4,5.453917309999996,1.1818181818181817,2.6981909708333363,1.1818181818181817,1.0390909090909088,3.8051701900000046,
242,4,5.453917309999996,1.1818181818181817,2.7815243041666697,1.1818181818181817,1.0390909090909088,3.8051701900000046,
243,4,5.453917309999996,1.1818181818181817,2.7815243041666697,1.1818181818181817,1.0390909090909088,3.888503523333338,
244,4,5.453917309999996,1.1818181818181817,2.7815243041666697,1.1818181818181817,1.0390909090909088,3.9718368566666715,
245,4,5.453917309999996,1.1818181818181817,2.864857637500003,1.1818181818181817,1.0390909090909088,3.9718368566666715,
246,4,5.544826400909087,1.1818181818181817,2.864857637500003,1.2727272727272725,1.0390909090909088,3.9718368566666715,
247,4,5.635735491818178,1.1818181818181817,2.864857637500003,1.3636363636363633,1.0390909090909088,3.9718368566666715,
248,4,5.635735491818178,1.1818181818181817,2.864857637500003,1.3636363636363633,1.0390909090909088,4.055170190000005,
249,4,5.635735491818178,1.1818181818181817,2.9481909708333367,1.3636363636363633,1.0390909090909088,4.055170190000005,
250,4,5.635735491818178,1.1818181818181817,3.03152430416667,1.3636363636363633,1.0390909090909088,4.055170190000005,
251,4,5.635735491818178,1.1818181818181817,3.03152430416667,1.3636363636363633,1.0390909090909088,4.138503523333338,
252,4,5.7266445827272685,1.1818181818181817,3.03152430416667,1.4545454545454541,1.0390909090909088,4.138503523333338,
253,4,5.817553673636359,1.1818181818181817,3.03152430416667,1.4545454545454541,1.1299999999999997,4.138503523333338,
254,4,5.817553673636359,1.1818181818181817,3.03152430416667,1.4545454545454541,1.1299999999999997,4.221836856666671,
255,4,5.817553673636359,1.1818181818181817,3.1148576375000037,1.4545454545454541,1.1299999999999997,4.221836856666671,
256,4,5.817553673636359,1.1818181818181817,3.198190970833337,1.4545454545454541,1.1299999999999997,4.221836856666671,
257,4,5.817553673636359,1.1818181818181817,3.198190970833337,1.4545454545454541,1.1299999999999997,4.305170190000004,
258,4,5.90846276454545,1.1818181818181817,3.198190970833337,1.545454545454545,1.1299999999999997,4.305170190000004,
259,4,5.90846276454545,1.1818181818181817,3.198190970833337,1.545454545454545,1.1299999999999997,4.388503523333337,
260,4,5.999371855454541,1.1818181818181817,3.198190970833337,1.6363636363636358,1.1299999999999997,4.388503523333337,
261,4,5.999371855454541,1.1818181818181817,3.2815243041666706,1.6363636363636358,1.1299999999999997,4.388503523333337,
262,4,5.399434669909087,1.0636363636363635,2.9533718737500037,1.4727272727272722,1.0169999999999997,4.032986504333336,
263,4,5.4903437608181775,1.0636363636363635,2.9533718737500037,1.563636363636363,1.0169999999999997,4.032986504333336,
264,4,5.4903437608181775,1.0636363636363635,3.036705207083337,1.563636363636363,1.0169999999999997,4.032986504333336,
265,4,5.581252851727268,1.0636363636363635,3.036705207083337,1.6545454545454539,1.0169999999999997,4.032986504333336,
266,4,5.581252851727268,1.0636363636363635,3.036705207083337,1.6545454545454539,1.0169999999999997,4.116319837666669,
267,4,5.581252851727268,1.0636363636363635,3.036705207083337,1.0,1.0169999999999997,4.116319837666669,
268,4,5.581252851727268,1.0636363636363635,3.036705207083337,1.0,1.0169999999999997,4.199653171000002,
269,4,5.672161942636359,1.0636363636363635,3.036705207083337,1.0909090909090908,1.0169999999999997,4.199653171000002,
270,4,5.672161942636359,1.0636363636363635,3.1200385404166706,1.0909090909090908,1.0169999999999997,4.199653171000002,
271,4,5.672161942636359,1.0636363636363635,3.203371873750004,1.0909090909090908,1.0169999999999997,4.199653171000002,
272,4,5.672161942636359,1.0636363636363635,3.203371873750004,1.0909090909090908,1.0169999999999997,4.282986504333335,
273,4,5.76307103354545,1.0636363636363635,3.203371873750004,1.1818181818181817,1.0169999999999997,4.282986504333335,
274,4,5.853980124454541,1.0636363636363635,3.203371873750004,1.2727272727272725,1.0169999999999997,4.282986504333335,
275,4,5.853980124454541,1.0636363636363635,3.203371873750004,1.2727272727272725,1.0169999999999997,4.366319837666668,
276,4,5.853980124454541,1.0636363636363635,3.203371873750004,1.2727272727272725,1.0,4.366319837666668,
277,4,5.853980124454541,1.0636363636363635,3.203371873750004,1.0,1.0,4.366319837666668,
278,4,5.944889215363632,1.0636363636363635,3.203371873750004,1.0909090909090908,1.0,4.366319837666668,
279,4,5.944889215363632,1.0636363636363635,3.2867052070833376,1.0909090909090908,1.0,4.366319837666668,
280,4,6.0357983062727225,1.0636363636363635,3.2867052070833376,1.1818181818181817,1.0,4.366319837666668,
281,4,6.0357983062727225,1.0636363636363635,3.2867052070833376,1.1818181818181817,1.0,4.449653171000001,
282,4,6.0357983062727225,1.0636363636363635,3.370038540416671,1.1818181818181817,1.0,4.449653171000001,
283,4,6.0357983062727225,1.0636363636363635,3.370038540416671,1.1818181818181817,1.0,4.532986504333334,
284,4,6.0357983062727225,1.0636363636363635,3.370038540416671,1.0,1.0,4.532986504333334,
285,4,6.126707397181813,1.0636363636363635,3.370038540416671,1.0909090909090908,1.0,4.532986504333334,
286,4,6.217616488090904,1.0636363636363635,3.370038540416671,1.1818181818181817,1.0,4.532986504333334,
287,4,6.217616488090904,1.0636363636363635,3.4533718737500045,1.1818181818181817,1.0,4.532986504333334,
288,4,6.217616488090904,1.0636363636363635,3.4533718737500045,1.1818181818181817,1.0,4.616319837666667,
289,4,6.308525578999995,1.0636363636363635,3.4533718737500045,1.2727272727272725,1.0,4.616319837666667,
290,4,6.308525578999995,1.0636363636363635,3.536705207083338,1.2727272727272725,1.0,4.616319837666667,
291,4,6.308525578999995,1.0636363636363635,3.536705207083338,1.2727272727272725,1.0,4.6996531710000005,
292,4,5.677673021099996,1.0,3.183034686375004,1.1454545454545453,1.0,4.313021187233334,
293,4,5.768582112009087,1.0909090909090908,3.183034686375004,1.1454545454545453,1.0,4.313021187233334,
294,4,5.768582112009087,1.0909090909090908,3.2663680197083376,1.1454545454545453,1.0,4.313021187233334,
295,4,5.859491202918178,1.0909090909090908,3.2663680197083376,1.236363636363636,1.0,4.313021187233334,
296,4,5.859491202918178,1.0909090909090908,3.2663680197083376,1.236363636363636,1.0,4.396354520566667,
297,4,5.859491202918178,1.0909090909090908,3.2663680197083376,1.0,1.0,4.396354520566667,
298,4,5.859491202918178,1.0909090909090908,3.349701353041671,1.0,1.0,4.396354520566667,
299,4,5.859491202918178,1.0909090909090908,3.349701353041671,1.0,1.0,4.396354520566667,
300,4,5.950400293827268,1.0909090909090908,3.349701353041671,1.0909090909090908,1.0,4.396354520566667,
301,4,5.950400293827268,1.0909090909090908,3.4330346863750045,1.0909090909090908,1.0,4.396354520566667,
302,4,5.950400293827268,1.0909090909090908,3.4330346863750045,1.0909090909090908,1.0,4.396354520566667,
303,4,6.041309384736359,1.0909090909090908,3.4330346863750045,1.1818181818181817,1.0,4.396354520566667,
304,4,6.13221847564545,1.1818181818181817,3.4330346863750045,1.1818181818181817,1.0,4.396354520566667,
305,4,6.13221847564545,1.1818181818181817,3.4330346863750045,1.1818181818181817,1.0,4.4796878539,
306,4,6.13221847564545,1.1818181818181817,3.516368019708338,1.1818181818181817,1.0,4.4796878539,
307,4,6.13221847564545,1.1818181818181817,3.516368019708338,1.0,1.0,4.4796878539,
308,4,6.223127566554541,1.1818181818181817,3.516368019708338,1.0909090909090908,1.0,4.4796878539,
309,4,6.223127566554541,1.1818181818181817,3.516368019708338,1.0,1.0,4.4796878539,
310,4,6.314036657463632,1.2727272727272725,3.516368019708338,1.0,1.0,4.4796878539,
311,4,6.314036657463632,1.2727272727272725,3.516368019708338,1.0,1.0,4.563021187233333,
312,4,6.314036657463632,1.2727272727272725,3.5997013530416715,1.0,1.0,4.563021187233333,
313,4,6.314036657463632,1.2727272727272725,3.5997013530416715,1.0,1.0,4.646354520566666,
314,4,6.404945748372723,1.2727272727272725,3.5997013530416715,1.0909090909090908,1.0,4.646354520566666,
315,4,6.495854839281813,1.2727272727272725,3.5997013530416715,1.1818181818181817,1.0,4.646354520566666,
316,4,6.495854839281813,1.2727272727272725,3.5997013530416715,1.0,1.0,4.646354520566666,
317,4,6.495854839281813,1.2727272727272725,3.5997013530416715,1.0,1.0,4.646354520566666,
318,4,6.586763930190904,1.2727272727272725,3.5997013530416715,1.0909090909090908,1.0,4.646354520566666,
319,4,6.586763930190904,1.2727272727272725,3.683034686375005,1.0909090909090908,1.0,4.646354520566666,
320,4,6.586763930190904,1.2727272727272725,3.683034686375005,1.0,1.0,4.646354520566666,
321,4,5.928087537171814,1.1454545454545453,3.3147312177375046,1.0,1.0,4.265052401843333,
322,4,5.928087537171814,1.1454545454545453,3.398064551070838,1.0,1.0,4.265052401843333,
323,4,5.928087537171814,1.1454545454545453,3.398064551070838,1.0,1.0,4.265052401843333,
324,4,6.018996628080905,1.1454545454545453,3.398064551070838,1.0909090909090908,1.0,4.265052401843333,
325,4,6.109905718989996,1.236363636363636,3.398064551070838,1.0909090909090908,1.0,4.265052401843333,
326,4,6.109905718989996,1.236363636363636,3.4813978844041715,1.0909090909090908,1.0,4.265052401843333,
327,4,6.109905718989996,1.236363636363636,3.4813978844041715,1.0909090909090908,1.0,4.348385735176666,
328,4,6.200814809899087,1.236363636363636,3.4813978844041715,1.1818181818181817,1.0,4.348385735176666,
329,4,6.200814809899087,1.236363636363636,3.564731217737505,1.1818181818181817,1.0,4.348385735176666,
330,4,6.200814809899087,1.236363636363636,3.564731217737505,1.1818181818181817,1.0,4.431719068509999,
331,4,6.291723900808178,1.236363636363636,3.564731217737505,1.2727272727272725,1.0,4.431719068509999,
332,4,6.291723900808178,1.236363636363636,3.564731217737505,1.2727272727272725,1.0,4.515052401843332,
333,4,6.291723900808178,1.236363636363636,3.564731217737505,1.2727272727272725,1.0,4.598385735176665,
334,4,6.291723900808178,1.236363636363636,3.564731217737505,1.0,1.0,4.598385735176665,
335,4,6.291723900808178,1.236363636363636,3.6480645510708385,1.0,1.0,4.598385735176665,
336,4,6.382632991717268,1.327272727272727,3.6480645510708385,1.0,1.0,4.598385735176665,
337,4,6.473542082626359,1.327272727272727,3.6480645510708385,1.0,1.0909090909090908,4.598385735176665,
338,4,6.473542082626359,1.327272727272727,3.731397884404172,1.0,1.0909090909090908,4.598385735176665,
339,4,6.473542082626359,1.327272727272727,3.731397884404172,1.0,1.0909090909090908,4.681719068509998,
340,4,6.473542082626359,1.327272727272727,3.8147312177375055,1.0,1.0909090909090908,4.681719068509998,
341,4,6.56445117353545,1.327272727272727,3.8147312177375055,1.0909090909090908,1.0909090909090908,4.681719068509998,
342,4,6.56445117353545,1.327272727272727,3.898064551070839,1.0909090909090908,1.0909090909090908,4.681719068509998,
343,4,6.655360264444541,1.4181818181818178,3.898064551070839,1.0909090909090908,1.0909090909090908,4.681719068509998,
344,4,6.655360264444541,1.4181818181818178,3.898064551070839,1.0909090909090908,1.0909090909090908,4.765052401843331,
345,4,6.655360264444541,1.4181818181818178,3.9813978844041724,1.0909090909090908,1.0909090909090908,4.765052401843331,
346,4,6.655360264444541,1.4181818181818178,3.9813978844041724,1.0909090909090908,1.0,4.765052401843331,
347,4,6.746269355353632,1.5090909090909086,3.9813978844041724,1.0909090909090908,1.0,4.765052401843331,
348,4,6.746269355353632,1.5090909090909086,3.9813978844041724,1.0,1.0,4.765052401843331,
349,4,6.746269355353632,1.5090909090909086,3.9813978844041724,1.0,1.0,4.848385735176664,
350,4,6.8371784462627225,1.5090909090909086,3.9813978844041724,1.0,1.0909090909090908,4.848385735176664,
351,4,6.8371784462627225,1.5090909090909086,4.0647312177375055,1.0,1.0909090909090908,4.848385735176664,
352,4,6.153460601636451,1.3581818181818177,3.658258095963755,1.0,1.0,4.446880494992331,
353,4,6.153460601636451,1.0,3.658258095963755,1.0,1.0,4.446880494992331,
354,4,6.244369692545542,1.0,3.658258095963755,1.0909090909090908,1.0,4.446880494992331,
355,4,6.244369692545542,1.0,3.658258095963755,1.0909090909090908,1.0,4.530213828325664,
356,4,6.3352787834546325,1.0,3.658258095963755,1.1818181818181817,1.0,4.530213828325664,
357,4,6.3352787834546325,1.0,3.7415914292970887,1.1818181818181817,1.0,4.530213828325664,
358,4,6.426187874363723,1.0,3.7415914292970887,1.2727272727272725,1.0,4.530213828325664,
359,4,6.426187874363723,1.0,3.7415914292970887,1.2727272727272725,1.0,4.613547161658997,
360,4,6.426187874363723,1.0,3.824924762630422,1.2727272727272725,1.0,4.613547161658997,
361,4,6.517096965272814,1.0909090909090908,3.824924762630422,1.2727272727272725,1.0,4.613547161658997,
362,4,6.517096965272814,1.0909090909090908,3.9082580959637556,1.2727272727272725,1.0,4.613547161658997,
363,4,6.608006056181905,1.0909090909090908,3.9082580959637556,1.3636363636363633,1.0,4.613547161658997,
364,4,6.608006056181905,1.0909090909090908,3.9082580959637556,1.3636363636363633,1.0,4.69688049499233,
365,4,6.608006056181905,1.0909090909090908,3.991591429297089,1.3636363636363633,1.0,4.69688049499233,
366,4,6.608006056181905,1.0909090909090908,4.074924762630422,1.3636363636363633,1.0,4.69688049499233,
367,4,6.608006056181905,1.0909090909090908,4.074924762630422,1.3636363636363633,1.0,4.780213828325663,
368,4,6.698915147090996,1.0909090909090908,4.074924762630422,1.3636363636363633,1.0909090909090908,4.780213828325663,
369,4,6.698915147090996,1.0909090909090908,4.074924762630422,1.3636363636363633,1.0909090909090908,4.863547161658996,
370,4,6.789824238000087,1.0909090909090908,4.074924762630422,1.4545454545454541,1.0909090909090908,4.863547161658996,
371,4,6.789824238000087,1.0909090909090908,4.158258095963755,1.4545454545454541,1.0909090909090908,4.863547161658996,
372,4,6.789824238000087,1.0,4.158258095963755,1.4545454545454541,1.0909090909090908,4.863547161658996,
373,4,6.789824238000087,1.0,4.158258095963755,1.4545454545454541,1.0909090909090908,4.946880494992329,
374,4,6.880733328909177,1.0,4.158258095963755,1.545454545454545,1.0909090909090908,4.946880494992329,
375,4,6.880733328909177,1.0,4.158258095963755,1.545454545454545,1.0909090909090908,5.030213828325662,
376,4,6.880733328909177,1.0,4.241591429297088,1.545454545454545,1.0909090909090908,5.030213828325662,
377,4,6.971642419818268,1.0,4.241591429297088,1.6363636363636358,1.0909090909090908,5.030213828325662,
378,4,6.971642419818268,1.0,4.241591429297088,1.6363636363636358,1.0909090909090908,5.113547161658995,
379,4,6.971642419818268,1.0,4.241591429297088,1.0,1.0909090909090908,5.113547161658995,
380,4,6.971642419818268,1.0,4.241591429297088,1.0,1.0909090909090908,5.113547161658995,
381,4,7.062551510727359,1.0,4.241591429297088,1.0909090909090908,1.0909090909090908,5.113547161658995,
382,4,6.447205450563714,1.0,3.8174322863673793,1.0909090909090908,1.0,4.602192445493095,
383,4,6.447205450563714,1.0,3.8174322863673793,1.0909090909090908,1.0,4.685525778826428,
384,4,6.447205450563714,1.0,3.900765619700713,1.0909090909090908,1.0,4.685525778826428,
385,4,6.538114541472805,1.0,3.900765619700713,1.1818181818181817,1.0,4.685525778826428,
386,4,6.538114541472805,1.0,3.9840989530340463,1.1818181818181817,1.0,4.685525778826428,
387,4,6.538114541472805,1.0,3.9840989530340463,1.0,1.0,4.685525778826428,
388,4,6.538114541472805,1.0,4.06743228636738,1.0,1.0,4.685525778826428,
389,4,6.538114541472805,1.0,4.06743228636738,1.0,1.0,4.768859112159761,
390,4,6.629023632381895,1.0,4.06743228636738,1.0,1.0909090909090908,4.768859112159761,
391,4,6.629023632381895,1.0,4.06743228636738,1.0,1.0909090909090908,4.8521924454930945,
392,4,6.629023632381895,1.0,4.150765619700713,1.0,1.0909090909090908,4.8521924454930945,
393,4,6.719932723290986,1.0,4.150765619700713,1.0909090909090908,1.0909090909090908,4.8521924454930945,
394,4,6.810841814200077,1.0,4.150765619700713,1.1818181818181817,1.0909090909090908,4.8521924454930945,
395,4,6.810841814200077,1.0,4.150765619700713,1.1818181818181817,1.0909090909090908,4.9355257788264275,
396,4,6.810841814200077,1.0,4.234098953034046,1.1818181818181817,1.0909090909090908,4.9355257788264275,
397,4,6.810841814200077,1.0,4.234098953034046,1.1818181818181817,1.0909090909090908,5.0188591121597605,
398,4,6.810841814200077,1.0,4.234098953034046,1.1818181818181817,1.0909090909090908,5.0188591121597605,
399,4,6.901750905109168,1.0,4.234098953034046,1.2727272727272725,1.0909090909090908,5.0188591121597605,
400,4,6.901750905109168,1.0,4.234098953034046,1.2727272727272725,1.0909090909090908,5.0188591121597605,
401,4,6.992659996018259,1.0,4.234098953034046,1.3636363636363633,1.0909090909090908,5.0188591121597605,
402,4,6.992659996018259,1.0,4.234098953034046,1.3636363636363633,1.0909090909090908,5.102192445493094,
403,4,7.0835690869273495,1.0,4.234098953034046,1.4545454545454541,1.0909090909090908,5.102192445493094,
404,4,7.0835690869273495,1.0,4.317432286367379,1.4545454545454541,1.0909090909090908,5.102192445493094,
405,4,7.0835690869273495,1.0,4.317432286367379,1.4545454545454541,1.0909090909090908,5.185525778826427,
406,4,7.17447817783644,1.0,4.317432286367379,1.545454545454545,1.0909090909090908,5.185525778826427,
407,4,7.17447817783644,1.0,4.317432286367379,1.545454545454545,1.0909090909090908,5.185525778826427,
408,4,7.17447817783644,1.0,4.317432286367379,1.545454545454545,1.0909090909090908,5.26885911215976,
409,4,7.17447817783644,1.0,4.317432286367379,1.0,1.0909090909090908,5.26885911215976,
410,4,7.17447817783644,1.0,4.400765619700712,1.0,1.0909090909090908,5.26885911215976,
411,4,7.265387268745531,1.0,4.400765619700712,1.0909090909090908,1.0909090909090908,5.26885911215976,
412,4,6.629757632780069,1.0,3.9606890577306406,1.0,1.0909090909090908,4.741973200943784,
413,4,6.629757632780069,1.0,4.044022391063974,1.0,1.0909090909090908,4.741973200943784,
414,4,6.629757632780069,1.0,4.044022391063974,1.0,1.0909090909090908,4.825306534277117,
415,4,6.629757632780069,1.0,4.127355724397307,1.0,1.0909090909090908,4.825306534277117,
416,4,6.629757632780069,1.0,4.127355724397307,1.0,1.0909090909090908,4.90863986761045,
417,4,6.72066672368916,1.0,4.127355724397307,1.0909090909090908,1.0909090909090908,4.90863986761045,
418,4,6.72066672368916,1.0,4.127355724397307,1.0909090909090908,1.0909090909090908,4.991973200943783,
419,4,6.811575814598251,1.0,4.127355724397307,1.1818181818181817,1.0909090909090908,4.991973200943783,
420,4,6.811575814598251,1.0,4.21068905773064,1.1818181818181817,1.0909090909090908,4.991973200943783,
421,4,6.811575814598251,1.0,4.21068905773064,1.1818181818181817,1.0,4.991973200943783,
422,4,6.811575814598251,1.0,4.21068905773064,1.0,1.0,4.991973200943783,
423,4,6.902484905507341,1.0,4.21068905773064,1.0909090909090908,1.0,4.991973200943783,
424,4,6.902484905507341,1.0,4.294022391063973,1.0909090909090908,1.0,4.991973200943783,
425,4,6.993393996416432,1.0,4.294022391063973,1.1818181818181817,1.0,4.991973200943783,
426,4,6.993393996416432,1.0,4.294022391063973,1.1818181818181817,1.0,5.075306534277116,
427,4,6.993393996416432,1.0,4.377355724397306,1.1818181818181817,1.0,5.075306534277116,
428,4,7.084303087325523,1.0,4.377355724397306,1.2727272727272725,1.0,5.075306534277116,
429,4,7.084303087325523,1.0,4.460689057730639,1.2727272727272725,1.0,5.075306534277116,
430,4,7.175212178234614,1.0,4.460689057730639,1.2727272727272725,1.0909090909090908,5.075306534277116,
431,4,7.175212178234614,1.0,4.460689057730639,1.2727272727272725,1.0909090909090908,5.158639867610449,
432,4,7.175212178234614,1.0,4.460689057730639,1.0,1.0909090909090908,5.158639867610449,
433,4,7.175212178234614,1.0,4.544022391063972,1.0,1.0909090909090908,5.158639867610449,
434,4,7.266121269143705,1.0,4.544022391063972,1.0909090909090908,1.0909090909090908,5.158639867610449,
435,4,7.266121269143705,1.0,4.544022391063972,1.0909090909090908,1.0909090909090908,5.241973200943782,
436,4,7.266121269143705,1.0,4.627355724397305,1.0909090909090908,1.0909090909090908,5.241973200943782,
437,4,7.3570303600527955,1.0,4.627355724397305,1.1818181818181817,1.0909090909090908,5.241973200943782,
438,4,7.3570303600527955,1.0,4.627355724397305,1.1818181818181817,1.0909090909090908,5.325306534277115,
439,4,7.447939450961886,1.0,4.627355724397305,1.2727272727272725,1.0909090909090908,5.325306534277115,
440,4,7.447939450961886,1.0,4.710689057730638,1.2727272727272725,1.0909090909090908,5.325306534277115,
441,4,7.447939450961886,1.0,4.710689057730638,1.2727272727272725,1.0909090909090908,5.408639867610448,
442,4,6.703145505865698,1.0,4.239620151957575,1.1454545454545453,1.0,4.951109214182737,
443,4,6.703145505865698,1.0,4.239620151957575,1.1454545454545453,1.0,4.951109214182737,
444,4,6.794054596774789,1.0,4.239620151957575,1.236363636363636,1.0,4.951109214182737,
445,4,6.88496368768388,1.0909090909090908,4.239620151957575,1.236363636363636,1.0,4.951109214182737,
446,4,6.88496368768388,1.0909090909090908,4.239620151957575,1.236363636363636,1.0,5.03444254751607,
447,4,6.88496368768388,1.0909090909090908,4.239620151957575,1.236363636363636,1.0,5.117775880849403,
448,4,6.97587277859297,1.0909090909090908,4.239620151957575,1.327272727272727,1.0,5.117775880849403,
449,4,6.97587277859297,1.0909090909090908,4.322953485290908,1.327272727272727,1.0,5.117775880849403,
450,4,6.97587277859297,1.0909090909090908,4.322953485290908,1.327272727272727,1.0,5.201109214182736,
451,4,6.97587277859297,1.0909090909090908,4.322953485290908,1.0,1.0,5.201109214182736,
452,4,6.97587277859297,1.0909090909090908,4.406286818624241,1.0,1.0,5.201109214182736,
453,4,7.066781869502061,1.0909090909090908,4.406286818624241,1.0909090909090908,1.0,5.201109214182736,
454,4,7.157690960411152,1.0909090909090908,4.406286818624241,1.1818181818181817,1.0,5.201109214182736,
455,4,7.157690960411152,1.0909090909090908,4.406286818624241,1.0,1.0,5.201109214182736,
456,4,7.157690960411152,1.0909090909090908,4.406286818624241,1.0,1.0,5.201109214182736,
457,4,7.157690960411152,1.0909090909090908,4.489620151957574,1.0,1.0,5.201109214182736,
458,4,7.248600051320243,1.0909090909090908,4.489620151957574,1.0,1.0909090909090908,5.201109214182736,
459,4,7.248600051320243,1.0909090909090908,4.489620151957574,1.0,1.0909090909090908,5.201109214182736,
460,4,7.248600051320243,1.0909090909090908,4.489620151957574,1.0,1.0909090909090908,5.284442547516069,
461,4,7.248600051320243,1.0,4.489620151957574,1.0,1.0909090909090908,5.284442547516069,
462,4,7.339509142229334,1.0,4.489620151957574,1.0909090909090908,1.0909090909090908,5.284442547516069,
463,4,7.4304182331384245,1.0,4.489620151957574,1.1818181818181817,1.0909090909090908,5.284442547516069,
464,4,7.4304182331384245,1.0,4.572953485290907,1.1818181818181817,1.0909090909090908,5.284442547516069,
465,4,7.4304182331384245,1.0,4.572953485290907,1.1818181818181817,1.0909090909090908,5.367775880849402,
466,4,7.4304182331384245,1.0,4.572953485290907,1.1818181818181817,1.0909090909090908,5.367775880849402,
467,4,7.4304182331384245,1.0,4.572953485290907,1.0,1.0909090909090908,5.367775880849402,
468,4,7.521327324047515,1.0,4.572953485290907,1.0909090909090908,1.0909090909090908,5.367775880849402,
469,4,7.521327324047515,1.0,4.572953485290907,1.0909090909090908,1.0909090909090908,5.451109214182735,
470,4,7.521327324047515,1.0,4.65628681862424,1.0909090909090908,1.0909090909090908,5.451109214182735,
471,4,7.612236414956606,1.0,4.65628681862424,1.1818181818181817,1.0909090909090908,5.451109214182735,
472,4,6.851012773460946,1.0,4.190658136761816,1.0,1.0,4.905998292764462,
473,4,6.941921864370037,1.0909090909090908,4.190658136761816,1.0,1.0,4.905998292764462,
474,4,6.941921864370037,1.0909090909090908,4.190658136761816,1.0,1.0,4.989331626097795,
475,4,7.0328309552791275,1.0909090909090908,4.190658136761816,1.0909090909090908,1.0,4.989331626097795,
476,4,7.0328309552791275,1.0909090909090908,4.190658136761816,1.0909090909090908,1.0,5.072664959431128,
477,4,7.0328309552791275,1.0909090909090908,4.273991470095149,1.0909090909090908,1.0,5.072664959431128,
478,4,7.0328309552791275,1.0909090909090908,4.357324803428482,1.0909090909090908,1.0,5.072664959431128,
479,4,7.0328309552791275,1.0909090909090908,4.357324803428482,1.0909090909090908,1.0,5.155998292764461,
480,4,7.123740046188218,1.0909090909090908,4.357324803428482,1.1818181818181817,1.0,5.155998292764461,
481,4,7.214649137097309,1.1818181818181817,4.357324803428482,1.1818181818181817,1.0,5.155998292764461,
482,4,7.214649137097309,1.1818181818181817,4.357324803428482,1.1818181818181817,1.0,5.239331626097794,
483,4,7.214649137097309,1.1818181818181817,4.440658136761815,1.1818181818181817,1.0,5.239331626097794,
484,4,7.3055582280064,1.1818181818181817,4.440658136761815,1.1818181818181817,1.0909090909090908,5.239331626097794,
485,4,7.3055582280064,1.1818181818181817,4.440658136761815,1.1818181818181817,1.0909090909090908,5.322664959431127,
486,4,7.3055582280064,1.1818181818181817,4.523991470095148,1.1818181818181817,1.0909090909090908,5.322664959431127,
487,4,7.3055582280064,1.1818181818181817,4.607324803428481,1.1818181818181817,1.0909090909090908,5.322664959431127,
488,4,7.396467318915491,1.1818181818181817,4.607324803428481,1.1818181818181817,1.1818181818181817,5.322664959431127,
489,4,7.396467318915491,1.1818181818181817,4.607324803428481,1.1818181818181817,1.1818181818181817,5.40599829276446,
490,4,7.487376409824582,1.1818181818181817,4.607324803428481,1.1818181818181817,1.2727272727272725,5.40599829276446,
491,4,7.487376409824582,1.1818181818181817,4.607324803428481,1.1818181818181817,1.2727272727272725,5.489331626097793,
492,4,7.487376409824582,1.1818181818181817,4.690658136761814,1.1818181818181817,1.2727272727272725,5.489331626097793,
493,4,7.5782855007336725,1.1818181818181817,4.690658136761814,1.2727272727272725,1.2727272727272725,5.489331626097793,
494,4,7.5782855007336725,1.1818181818181817,4.773991470095147,1.2727272727272725,1.2727272727272725,5.489331626097793,
495,4,7.5782855007336725,1.1818181818181817,4.773991470095147,1.0,1.2727272727272725,5.489331626097793,
496,4,7.5782855007336725,1.1818181818181817,4.85732480342848,1.0,1.2727272727272725,5.489331626097793,
497,4,7.5782855007336725,1.1818181818181817,4.85732480342848,1.0,1.2727272727272725,5.572664959431126,
498,4,7.669194591642763,1.1818181818181817,4.85732480342848,1.0909090909090908,1.2727272727272725,5.572664959431126,
499,4,7.669194591642763,1.1818181818181817,4.940658136761813,1.0909090909090908,1.2727272727272725,5.572664959431126,
500,4,7.760103682551854,1.2727272727272725,4.940658136761813,1.0909090909090908,1.2727272727272725,5.572664959431126,
501,4,6.984093314296669,1.1454545454545453,4.446592323085632,1.0,1.1454545454545453,5.0153984634880135,
502,4,6.984093314296669,1.1454545454545453,4.446592323085632,1.0,1.1454545454545453,5.098731796821347,
503,4,7.07500240520576,1.1454545454545453,4.446592323085632,1.0909090909090908,1.1454545454545453,5.098731796821347,
504,4,7.07500240520576,1.1454545454545453,4.446592323085632,1.0,1.1454545454545453,5.098731796821347,
505,4,7.165911496114851,1.1454545454545453,4.446592323085632,1.0909090909090908,1.1454545454545453,5.098731796821347,
506,4,7.165911496114851,1.1454545454545453,4.446592323085632,1.0909090909090908,1.1454545454545453,5.18206513015468,
507,4,7.165911496114851,1.1454545454545453,4.529925656418965,1.0909090909090908,1.1454545454545453,5.18206513015468,
508,4,7.165911496114851,1.1454545454545453,4.613258989752298,1.0909090909090908,1.1454545454545453,5.18206513015468,
509,4,7.256820587023942,1.1454545454545453,4.613258989752298,1.1818181818181817,1.1454545454545453,5.18206513015468,
510,4,7.256820587023942,1.1454545454545453,4.613258989752298,1.1818181818181817,1.1454545454545453,5.265398463488013,
511,4,7.256820587023942,1.1454545454545453,4.613258989752298,1.1818181818181817,1.1454545454545453,5.348731796821346,
512,4,7.3477296779330326,1.1454545454545453,4.613258989752298,1.2727272727272725,1.1454545454545453,5.348731796821346,
513,4,7.3477296779330326,1.1454545454545453,4.696592323085631,1.2727272727272725,1.1454545454545453,5.348731796821346,
514,4,7.3477296779330326,1.1454545454545453,4.696592323085631,1.2727272727272725,1.1454545454545453,5.432065130154679,
515,4,7.3477296779330326,1.1454545454545453,4.779925656418964,1.2727272727272725,1.1454545454545453,5.432065130154679,
516,4,7.438638768842123,1.1454545454545453,4.779925656418964,1.3636363636363633,1.1454545454545453,5.432065130154679,
517,4,7.438638768842123,1.1454545454545453,4.779925656418964,1.3636363636363633,1.1454545454545453,5.515398463488012,
518,4,7.529547859751214,1.1454545454545453,4.779925656418964,1.4545454545454541,1.1454545454545453,5.515398463488012,
519,4,7.529547859751214,1.1454545454545453,4.863258989752297,1.4545454545454541,1.1454545454545453,5.515398463488012,
520,4,7.529547859751214,1.1454545454545453,4.863258989752297,1.4545454545454541,1.1454545454545453,5.598731796821345,
521,4,7.529547859751214,1.1454545454545453,4.94659232308563,1.4545454545454541,1.1454545454545453,5.598731796821345,
522,4,7.620456950660305,1.1454545454545453,4.94659232308563,1.4545454545454541,1.236363636363636,5.598731796821345,
523,4,7.620456950660305,1.1454545454545453,4.94659232308563,1.4545454545454541,1.236363636363636,5.682065130154678,
524,4,7.711366041569396,1.1454545454545453,4.94659232308563,1.545454545454545,1.236363636363636,5.682065130154678,
525,4,7.711366041569396,1.1454545454545453,5.029925656418963,1.545454545454545,1.236363636363636,5.682065130154678,
526,4,7.802275132478487,1.1454545454545453,5.029925656418963,1.6363636363636358,1.236363636363636,5.682065130154678,
527,4,7.802275132478487,1.1454545454545453,5.029925656418963,1.6363636363636358,1.236363636363636,5.765398463488011,
528,4,7.802275132478487,1.1454545454545453,5.113258989752296,1.6363636363636358,1.236363636363636,5.765398463488011,
529,4,7.8931842233875775,1.1454545454545453,5.113258989752296,1.6363636363636358,1.327272727272727,5.765398463488011,
530,4,7.8931842233875775,1.1454545454545453,5.196592323085629,1.6363636363636358,1.327272727272727,5.765398463488011,
531,4,7.8931842233875775,1.1454545454545453,5.196592323085629,1.6363636363636358,1.327272727272727,5.848731796821344,
532,4,7.10386580104882,1.0309090909090908,4.7602664241104,1.4727272727272722,1.1945454545454544,5.26385861713921,
533,4,7.10386580104882,1.0309090909090908,4.7602664241104,1.4727272727272722,1.1945454545454544,5.347191950472543,
534,4,7.194774891957911,1.1218181818181816,4.7602664241104,1.4727272727272722,1.1945454545454544,5.347191950472543,
535,4,7.194774891957911,1.1218181818181816,4.7602664241104,1.4727272727272722,1.1945454545454544,5.430525283805876,
536,4,7.285683982867002,1.1218181818181816,4.7602664241104,1.563636363636363,1.1945454545454544,5.430525283805876,
537,4,7.285683982867002,1.1218181818181816,4.843599757443733,1.563636363636363,1.1945454545454544,5.430525283805876,
538,4,7.285683982867002,1.1218181818181816,4.843599757443733,1.563636363636363,1.1945454545454544,5.513858617139209,
539,4,7.285683982867002,1.1218181818181816,4.843599757443733,1.0,1.1945454545454544,5.513858617139209,
540,4,7.3765930737760925,1.1218181818181816,4.843599757443733,1.0909090909090908,1.1945454545454544,5.513858617139209,
541,4,7.3765930737760925,1.1218181818181816,4.926933090777066,1.0909090909090908,1.1945454545454544,5.513858617139209,
542,4,7.3765930737760925,1.1218181818181816,4.926933090777066,1.0909090909090908,1.1945454545454544,5.597191950472542,
543,4,7.467502164685183,1.1218181818181816,4.926933090777066,1.1818181818181817,1.1945454545454544,5.597191950472542,
544,4,7.467502164685183,1.1218181818181816,4.926933090777066,1.1818181818181817,1.1945454545454544,5.680525283805875,
545,4,7.558411255594274,1.1218181818181816,4.926933090777066,1.2727272727272725,1.1945454545454544,5.680525283805875,
546,4,7.558411255594274,1.1218181818181816,5.010266424110399,1.2727272727272725,1.1945454545454544,5.680525283805875,
547,4,7.558411255594274,1.1218181818181816,5.010266424110399,1.0,1.1945454545454544,5.680525283805875,
548,4,7.558411255594274,1.1218181818181816,5.010266424110399,1.0,1.1945454545454544,5.763858617139208,
549,4,7.649320346503365,1.1218181818181816,5.010266424110399,1.0909090909090908,1.1945454545454544,5.763858617139208,
550,4,7.649320346503365,1.1218181818181816,5.010266424110399,1.0909090909090908,1.1945454545454544,5.847191950472541,
551,4,7.740229437412456,1.1218181818181816,5.010266424110399,1.1818181818181817,1.1945454545454544,5.847191950472541,
552,4,7.740229437412456,1.1218181818181816,5.010266424110399,1.0,1.1945454545454544,5.847191950472541,
553,4,7.740229437412456,1.1218181818181816,5.010266424110399,1.0,1.1945454545454544,5.930525283805874,
554,4,7.740229437412456,1.1218181818181816,5.093599757443732,1.0,1.1945454545454544,5.930525283805874,
555,4,7.831138528321547,1.1218181818181816,5.093599757443732,1.0909090909090908,1.1945454545454544,5.930525283805874,
556,4,7.831138528321547,1.1218181818181816,5.176933090777065,1.0909090909090908,1.1945454545454544,5.930525283805874,
557,4,7.9220476192306375,1.1218181818181816,5.176933090777065,1.1818181818181817,1.1945454545454544,5.930525283805874,
558,4,7.9220476192306375,1.1218181818181816,5.260266424110398,1.1818181818181817,1.1945454545454544,5.930525283805874,
559,4,7.9220476192306375,1.1218181818181816,5.260266424110398,1.1818181818181817,1.1945454545454544,6.013858617139207,
560,4,7.9220476192306375,1.1218181818181816,5.260266424110398,1.0,1.1945454545454544,6.013858617139207,
561,4,8.01295671013973,1.1218181818181816,5.260266424110398,1.0909090909090908,1.1945454545454544,6.013858617139207,
562,4,7.211661039125756,1.0096363636363634,4.817573115032691,1.0,1.0750909090909089,5.412472755425287,
563,4,7.211661039125756,1.0096363636363634,4.817573115032691,1.0,1.0750909090909089,5.49580608875862,
564,4,7.302570130034847,1.0096363636363634,4.817573115032691,1.0909090909090908,1.0750909090909089,5.49580608875862,
565,4,7.302570130034847,1.0096363636363634,4.900906448366024,1.0909090909090908,1.0750909090909089,5.49580608875862,
566,4,7.302570130034847,1.0096363636363634,4.900906448366024,1.0909090909090908,1.0750909090909089,5.579139422091953,
567,4,7.393479220943938,1.1005454545454543,4.900906448366024,1.0909090909090908,1.0750909090909089,5.579139422091953,
568,4,7.484388311853029,1.1005454545454543,4.900906448366024,1.1818181818181817,1.0750909090909089,5.579139422091953,
569,4,7.484388311853029,1.1005454545454543,4.984239781699357,1.1818181818181817,1.0750909090909089,5.579139422091953,
570,4,7.57529740276212,1.1005454545454543,4.984239781699357,1.2727272727272725,1.0750909090909089,5.579139422091953,
571,4,7.57529740276212,1.1005454545454543,4.984239781699357,1.2727272727272725,1.0750909090909089,5.662472755425286,
572,4,7.57529740276212,1.1005454545454543,5.06757311503269,1.2727272727272725,1.0750909090909089,5.662472755425286,
573,4,7.66620649367121,1.191454545454545,5.06757311503269,1.2727272727272725,1.0750909090909089,5.662472755425286,
574,4,7.66620649367121,1.0,5.06757311503269,1.2727272727272725,1.0750909090909089,5.662472755425286,
575,4,7.66620649367121,1.0,5.06757311503269,1.0,1.0750909090909089,5.662472755425286,
576,4,7.66620649367121,1.0,5.06757311503269,1.0,1.0750909090909089,5.745806088758619,
577,4,7.66620649367121,1.0,5.06757311503269,1.0,1.0750909090909089,5.745806088758619,
578,4,7.66620649367121,1.0,5.150906448366023,1.0,1.0750909090909089,5.745806088758619,
579,4,7.757115584580301,1.0909090909090908,5.150906448366023,1.0,1.0750909090909089,5.745806088758619,
580,4,7.848024675489392,1.0909090909090908,5.150906448366023,1.0909090909090908,1.0750909090909089,5.745806088758619,
581,4,7.848024675489392,1.0909090909090908,5.150906448366023,1.0909090909090908,1.0750909090909089,5.829139422091952,
582,4,7.848024675489392,1.0909090909090908,5.234239781699356,1.0909090909090908,1.0750909090909089,5.829139422091952,
583,4,7.848024675489392,1.0909090909090908,5.3175731150326895,1.0909090909090908,1.0750909090909089,5.829139422091952,
584,4,7.938933766398483,1.0909090909090908,5.3175731150326895,1.1818181818181817,1.0750909090909089,5.829139422091952,
585,4,7.938933766398483,1.0909090909090908,5.3175731150326895,1.1818181818181817,1.0750909090909089,5.912472755425285,
586,4,8.029842857307575,1.0909090909090908,5.3175731150326895,1.1818181818181817,1.1659999999999997,5.912472755425285,
587,4,8.029842857307575,1.0909090909090908,5.3175731150326895,1.1818181818181817,1.1659999999999997,5.995806088758618,
588,4,8.029842857307575,1.0909090909090908,5.4009064483660225,1.1818181818181817,1.1659999999999997,5.995806088758618,
589,4,8.029842857307575,1.0909090909090908,5.4842397816993556,1.1818181818181817,1.1659999999999997,5.995806088758618,
590,4,8.029842857307575,1.0909090909090908,5.4842397816993556,1.1818181818181817,1.0,5.995806088758618,
591,4,8.120751948216666,1.0909090909090908,5.4842397816993556,1.2727272727272725,1.0,5.995806088758618,
